customer_id,registration_date,age,income_level,location,risk_profile,credit_score,customer_lifetime_value
CUST_0001,2019-07-15 06:54:59.302967,75,High,Florida,Medium Risk,568,14692.31
CUST_0002,2015-05-10 06:54:59.302986,68,High,Illinois,Medium Risk,790,30247.14
CUST_0003,2019-02-20 06:54:59.302991,35,Medium,Florida,High Risk,495,21466.88
CUST_0004,2023-05-27 06:54:59.302994,36,High,New York,Low Risk,763,42961.48
CUST_0005,2020-12-13 06:54:59.302997,46,Low,New York,High Risk,463,24022.56
CUST_0006,2018-02-13 06:54:59.302999,41,Low,Florida,High Risk,519,38912.9
CUST_0007,2018-05-28 06:54:59.303002,54,Medium,Texas,Low Risk,713,16068.199999999999
CUST_0008,2019-04-25 06:54:59.303006,58,High,Illinois,Medium Risk,659,34515.36
CUST_0009,2015-01-24 06:54:59.303013,26,High,New York,Low Risk,740,30001.41
CUST_0010,2020-06-14 06:54:59.303017,28,High,California,Low Risk,568,19354.87
CUST_0011,2018-07-05 06:54:59.303019,25,Medium,California,High Risk,699,30688.64
CUST_0012,2019-11-03 06:54:59.303022,62,High,Illinois,Low Risk,471,25324.74
CUST_0013,2017-04-24 06:54:59.303024,25,Medium,Texas,High Risk,434,25637.51
CUST_0014,2021-05-28 06:54:59.303026,42,Low,Illinois,High Risk,801,24660.23
CUST_0015,2018-03-12 06:54:59.303028,43,High,Florida,High Risk,412,24643.32
CUST_0016,2022-04-17 06:54:59.303030,55,Low,Illinois,High Risk,540,18602.39
CUST_0017,2020-09-10 06:54:59.303033,47,Medium,Texas,High Risk,653,23548.61
CUST_0018,2022-04-15 06:54:59.303035,26,Medium,Illinois,High Risk,583,43707.75
CUST_0019,2015-05-19 06:54:59.303037,53,Low,New York,High Risk,307,28680.48
CUST_0020,2022-10-16 06:54:59.303040,60,Medium,Texas,Medium Risk,612,39697.92
CUST_0021,2016-12-02 06:54:59.303042,37,Low,Texas,Medium Risk,756,29460.86
CUST_0022,2014-11-21 06:54:59.303044,40,Medium,Illinois,Medium Risk,516,18425.12
CUST_0023,2021-01-16 06:54:59.303046,58,Medium,Texas,Medium Risk,704,27791.3
CUST_0024,2017-11-18 06:54:59.303048,48,Low,Illinois,High Risk,530,28690.71
CUST_0025,2015-12-12 06:54:59.303051,65,Medium,Florida,Medium Risk,596,12554.76
CUST_0026,2017-02-07 06:54:59.303053,44,Medium,Texas,Medium Risk,622,27706.71
CUST_0027,2022-03-17 06:54:59.303055,31,High,California,Medium Risk,325,13403.45
CUST_0028,2020-05-17 06:54:59.303057,48,Medium,California,Low Risk,668,12415.81
CUST_0029,2022-09-30 06:54:59.303059,49,Low,California,High Risk,335,20991.46
CUST_0030,2015-09-02 06:54:59.303061,62,Low,California,Medium Risk,736,28144.489999999998
CUST_0031,2023-01-10 06:54:59.303063,50,High,Illinois,High Risk,325,49637.88
CUST_0032,2016-03-08 06:54:59.303065,38,High,Texas,High Risk,322,34054.57
CUST_0033,2020-02-25 06:54:59.303068,49,High,Illinois,Medium Risk,349,23361.27
CUST_0034,2018-07-24 06:54:59.303070,59,Low,Illinois,High Risk,354,13515.609999999999
CUST_0035,2017-07-30 06:54:59.303072,21,Medium,Illinois,Low Risk,716,17204.370000000003
CUST_0036,2022-09-22 06:54:59.303074,46,Low,California,Medium Risk,607,37020.6
CUST_0037,2019-11-20 06:54:59.303076,37,High,California,High Risk,763,36526.53
CUST_0038,2018-12-26 06:54:59.303078,27,Medium,Florida,High Risk,639,25943.18
CUST_0039,2020-04-22 06:54:59.303080,65,High,California,Low Risk,326,20819.3
CUST_0040,2017-01-01 06:54:59.303082,49,Medium,New York,Low Risk,691,20842.41
CUST_0041,2016-09-02 06:54:59.303084,21,Low,Florida,Low Risk,408,32591.58
CUST_0042,2021-07-24 06:54:59.303087,74,High,Texas,High Risk,730,32056.84
CUST_0043,2017-08-28 06:54:59.303089,57,Medium,Texas,Medium Risk,580,34648.53
CUST_0044,2018-07-04 06:54:59.303091,31,Low,Florida,Medium Risk,344,25637.92
CUST_0045,2018-11-21 06:54:59.303093,19,Low,New York,Low Risk,647,31608.52
CUST_0046,2018-01-03 06:54:59.303095,40,Medium,Illinois,Low Risk,345,27240.02
CUST_0047,2020-12-07 06:54:59.303097,48,Low,Texas,High Risk,363,18211.96
CUST_0048,2023-02-26 06:54:59.303099,43,Medium,Florida,Medium Risk,657,26432.11
CUST_0049,2017-09-13 06:54:59.303101,74,Low,Florida,Medium Risk,421,18979.47
CUST_0050,2023-09-12 06:54:59.303104,18,Low,Florida,Medium Risk,314,22418.06
CUST_0051,2022-10-22 06:54:59.303106,72,High,Florida,Medium Risk,838,29794.58
CUST_0052,2015-10-14 06:54:59.303108,51,Medium,New York,Medium Risk,400,7729.67
CUST_0053,2019-05-20 06:54:59.303110,22,Low,Texas,High Risk,335,14792.849999999999
CUST_0054,2015-11-21 06:54:59.303113,61,High,California,Low Risk,517,14937.44
CUST_0055,2015-01-19 06:54:59.303115,73,Medium,California,High Risk,721,12582.09
CUST_0056,2016-05-12 06:54:59.303117,23,High,Texas,Low Risk,586,451.58
CUST_0057,2016-11-03 06:54:59.303119,61,Medium,California,High Risk,403,28527.18
CUST_0058,2023-11-04 06:54:59.303121,65,High,Texas,Medium Risk,410,16532.329999999998
CUST_0059,2016-12-28 06:54:59.303123,60,High,Florida,Low Risk,485,33308.659999999996
CUST_0060,2018-04-27 06:54:59.303125,43,Low,New York,Medium Risk,424,35279.67
CUST_0061,2020-02-13 06:54:59.303127,18,Low,Illinois,High Risk,459,21112.6
CUST_0062,2021-02-12 06:54:59.303129,41,Low,Florida,High Risk,544,25397.239999999998
CUST_0063,2015-08-31 06:54:59.303132,20,Low,New York,High Risk,536,19502.59
CUST_0064,2020-03-16 06:54:59.303134,25,Low,Texas,Low Risk,794,42066.37
CUST_0065,2015-12-18 06:54:59.303136,57,Low,New York,High Risk,566,24461.78
CUST_0066,2023-02-24 06:54:59.303138,18,High,Texas,Medium Risk,709,17453.84
CUST_0067,2021-09-17 06:54:59.303141,35,Medium,Florida,High Risk,509,23883.62
CUST_0068,2017-06-28 06:54:59.303143,73,High,Texas,Low Risk,352,22647.95
CUST_0069,2021-05-14 06:54:59.303146,58,Low,California,High Risk,834,31886.399999999998
CUST_0070,2021-03-06 06:54:59.303149,62,Medium,Florida,Low Risk,842,20674.4
CUST_0071,2022-04-04 06:54:59.303151,36,Low,Illinois,High Risk,799,18515.86
CUST_0072,2017-10-06 06:54:59.303153,64,High,Illinois,Low Risk,376,27642.920000000002
CUST_0073,2018-10-31 06:54:59.303155,75,Low,California,High Risk,533,31121.54
CUST_0074,2022-10-31 06:54:59.303157,32,Medium,Illinois,Low Risk,433,31946.49
CUST_0075,2022-12-14 06:54:59.303159,27,High,New York,High Risk,703,24950.52
CUST_0076,2020-04-07 06:54:59.303161,66,High,New York,Medium Risk,769,31571.22
CUST_0077,2018-02-27 06:54:59.303164,54,Low,Illinois,Low Risk,367,36154.11
CUST_0078,2018-05-14 06:54:59.303166,36,High,Florida,High Risk,552,28883.760000000002
CUST_0079,2022-08-19 06:54:59.303168,30,Medium,Florida,Medium Risk,533,22166.940000000002
CUST_0080,2020-06-22 06:54:59.303170,24,Low,Texas,Low Risk,421,23235.86
CUST_0081,2017-09-03 06:54:59.303172,45,High,California,High Risk,459,31920.620000000003
CUST_0082,2020-08-03 06:54:59.303174,47,Low,Illinois,Low Risk,744,12194.71
CUST_0083,2015-12-06 06:54:59.303177,63,Medium,Illinois,Low Risk,802,36943.630000000005
CUST_0084,2022-06-15 06:54:59.303179,39,High,Texas,High Risk,730,15563.74
CUST_0085,2017-09-18 06:54:59.303181,42,High,California,Low Risk,562,35068.31
CUST_0086,2020-02-15 06:54:59.303183,28,Medium,Florida,High Risk,496,45396.33
CUST_0087,2017-10-17 06:54:59.303185,39,Low,Florida,Low Risk,337,16586.58
CUST_0088,2021-07-29 06:54:59.303187,44,Medium,Illinois,High Risk,699,21949.4
CUST_0089,2014-11-21 06:54:59.303189,59,High,Florida,Low Risk,458,18496.43
CUST_0090,2017-02-02 06:54:59.303191,75,Low,New York,Medium Risk,805,28605.62
CUST_0091,2017-09-19 06:54:59.303193,61,Low,Illinois,Medium Risk,442,21251.92
CUST_0092,2017-04-07 06:54:59.303195,45,Low,Illinois,Medium Risk,349,26842.690000000002
CUST_0093,2020-08-17 06:54:59.303197,27,Medium,Texas,Low Risk,614,29662.7
CUST_0094,2018-11-12 06:54:59.303199,46,Medium,California,Medium Risk,695,27327.29
CUST_0095,2022-10-29 06:54:59.303202,63,Low,Florida,Medium Risk,791,19868.9
CUST_0096,2017-03-02 06:54:59.303204,27,Medium,Texas,High Risk,767,43851.48
CUST_0097,2014-11-27 06:54:59.303206,51,Medium,New York,Low Risk,730,50260.97
CUST_0098,2019-07-16 06:54:59.303208,38,High,Texas,Low Risk,640,26176.15
CUST_0099,2020-04-19 06:54:59.303210,26,Medium,New York,Medium Risk,845,22362.38
CUST_0100,2017-05-26 06:54:59.303212,31,Medium,Florida,Medium Risk,536,11238.91
CUST_0101,2021-02-20 06:54:59.303214,29,Medium,Illinois,Low Risk,365,35186.91
CUST_0102,2020-08-06 06:54:59.303216,46,Low,Florida,Low Risk,606,22617.03
CUST_0103,2021-10-16 06:54:59.303218,40,Medium,New York,High Risk,847,28063.86
CUST_0104,2021-09-24 06:54:59.303220,68,Medium,Texas,Low Risk,813,22037.89
CUST_0105,2021-10-05 06:54:59.303222,42,Medium,California,High Risk,543,19331.440000000002
CUST_0106,2023-06-26 06:54:59.303224,45,Medium,New York,High Risk,648,19414.31
CUST_0107,2016-12-25 06:54:59.303226,69,High,Illinois,Low Risk,611,19907.46
CUST_0108,2016-06-28 06:54:59.303228,49,High,Illinois,High Risk,545,37739.23
CUST_0109,2020-12-08 06:54:59.303231,42,High,Illinois,Low Risk,823,35737.58
CUST_0110,2018-07-06 06:54:59.303233,64,Medium,Texas,High Risk,744,4253.36
CUST_0111,2023-01-30 06:54:59.303235,32,Low,Illinois,Low Risk,578,20761.41
CUST_0112,2022-11-06 06:54:59.303237,68,Medium,New York,Medium Risk,599,13233.16
CUST_0113,2016-03-29 06:54:59.303240,30,Medium,California,High Risk,689,18821.1
CUST_0114,2015-05-11 06:54:59.303242,46,Low,Illinois,Medium Risk,630,21190.15
CUST_0115,2022-05-24 06:54:59.303244,31,Low,Texas,High Risk,627,8377.359999999999
CUST_0116,2022-03-06 06:54:59.303246,55,Low,California,Medium Risk,512,31187.87
CUST_0117,2023-06-03 06:54:59.303248,63,High,New York,Low Risk,397,28997.79
CUST_0118,2022-12-15 06:54:59.303251,21,High,California,Medium Risk,610,33546.340000000004
CUST_0119,2016-01-05 06:54:59.303253,75,Low,Texas,High Risk,606,26309.12
CUST_0120,2017-10-16 06:54:59.303255,42,High,California,High Risk,499,24712.2
CUST_0121,2016-03-10 06:54:59.303257,20,Low,Florida,High Risk,404,22805.64
CUST_0122,2019-06-20 06:54:59.303259,32,High,California,Medium Risk,548,21062.29
CUST_0123,2015-12-12 06:54:59.303261,58,Low,New York,Low Risk,718,17327.93
CUST_0124,2017-12-21 06:54:59.303263,23,Medium,Illinois,Medium Risk,846,15041.029999999999
CUST_0125,2020-10-06 06:54:59.303266,73,High,Florida,Medium Risk,467,23822.149999999998
CUST_0126,2018-01-01 06:54:59.303268,29,Medium,Illinois,Low Risk,623,9532.68
CUST_0127,2021-03-19 06:54:59.303270,41,High,New York,High Risk,517,26366.09
CUST_0128,2021-06-10 06:54:59.303272,21,High,Illinois,Low Risk,728,29061.68
CUST_0129,2016-03-26 06:54:59.303274,65,Medium,New York,Low Risk,775,22738.88
CUST_0130,2017-03-29 06:54:59.303277,58,Low,Texas,High Risk,550,23365.6
CUST_0131,2019-02-25 06:54:59.303279,61,Medium,Texas,Medium Risk,581,22583.38
CUST_0132,2017-05-09 06:54:59.303281,29,Medium,New York,High Risk,835,37625.73
CUST_0133,2020-10-07 06:54:59.303283,32,Medium,Illinois,Low Risk,673,17283.6
CUST_0134,2018-10-20 06:54:59.303285,57,High,California,High Risk,701,31312.73
CUST_0135,2018-05-01 06:54:59.303287,37,Low,Illinois,Medium Risk,367,14530.87
CUST_0136,2016-06-13 06:54:59.303289,57,Medium,Florida,High Risk,787,33390.56
CUST_0137,2016-08-30 06:54:59.303291,23,High,Illinois,High Risk,750,19676.239999999998
CUST_0138,2016-01-01 06:54:59.303293,63,Medium,Illinois,High Risk,399,14667.560000000001
CUST_0139,2014-12-16 06:54:59.303296,73,Medium,Florida,Medium Risk,470,18145.07
CUST_0140,2019-11-06 06:54:59.303298,50,High,Florida,High Risk,423,40974.41
CUST_0141,2022-12-06 06:54:59.303300,66,Medium,New York,High Risk,836,34083.1
CUST_0142,2020-03-20 06:54:59.303302,36,High,New York,High Risk,573,11893.67
CUST_0143,2016-12-25 06:54:59.303304,67,Low,California,High Risk,571,21279.1
CUST_0144,2022-07-24 06:54:59.303306,74,High,Texas,High Risk,308,21625.079999999998
CUST_0145,2018-05-26 06:54:59.303308,74,Low,New York,Low Risk,699,23551.21
CUST_0146,2017-04-09 06:54:59.303310,40,Medium,New York,Low Risk,702,10688.320000000002
CUST_0147,2016-10-14 06:54:59.303313,44,Low,Texas,Medium Risk,503,25674.07
CUST_0148,2020-02-04 06:54:59.303315,47,Medium,New York,Low Risk,325,14861.74
CUST_0149,2021-09-20 06:54:59.303317,21,Low,California,High Risk,466,34916.02
CUST_0150,2021-02-16 06:54:59.303320,58,Medium,California,High Risk,361,17085.56
CUST_0151,2023-09-03 06:54:59.303322,62,High,New York,Low Risk,725,24870.3
CUST_0152,2015-08-26 06:54:59.303324,51,Low,California,High Risk,735,14394.98
CUST_0153,2020-10-24 06:54:59.303326,60,High,Illinois,Low Risk,641,15566.949999999999
CUST_0154,2022-07-17 06:54:59.303328,59,Medium,California,Medium Risk,737,27866.03
CUST_0155,2015-12-11 06:54:59.303330,53,Low,Florida,Medium Risk,688,14512.58
CUST_0156,2021-05-19 06:54:59.303332,65,Medium,Florida,Medium Risk,341,29204.54
CUST_0157,2019-09-07 06:54:59.303335,45,Low,Florida,Medium Risk,573,22394.32
CUST_0158,2014-12-11 06:54:59.303337,55,Medium,New York,High Risk,784,19893.73
CUST_0159,2021-12-10 06:54:59.303339,47,Medium,California,Medium Risk,314,12517.86
CUST_0160,2020-02-15 06:54:59.303351,49,Low,California,Low Risk,388,14492.18
CUST_0161,2019-01-28 06:54:59.303354,34,High,Texas,High Risk,336,21982.3
CUST_0162,2023-02-27 06:54:59.303356,63,High,Illinois,High Risk,454,23008.920000000002
CUST_0163,2022-09-22 06:54:59.303358,48,High,California,High Risk,542,18405.96
CUST_0164,2015-01-27 06:54:59.303360,31,Medium,Texas,Low Risk,468,22284.230000000003
CUST_0165,2022-03-19 06:54:59.303362,39,Medium,New York,Medium Risk,640,20972.36
CUST_0166,2016-01-12 06:54:59.303364,35,Low,California,High Risk,735,23021.09
CUST_0167,2021-05-26 06:54:59.303366,20,Low,Illinois,High Risk,443,41047.76
CUST_0168,2023-05-07 06:54:59.303369,20,Low,Illinois,High Risk,817,34120.75
CUST_0169,2017-06-02 06:54:59.303371,21,Medium,New York,High Risk,598,39038.79
CUST_0170,2016-09-28 06:54:59.303373,28,High,Illinois,Medium Risk,798,28425.43
CUST_0171,2017-11-11 06:54:59.303375,40,Medium,Florida,Low Risk,552,20619.13
CUST_0172,2017-02-06 06:54:59.303378,18,High,Illinois,Medium Risk,376,16599.39
CUST_0173,2016-03-22 06:54:59.303380,36,High,Texas,High Risk,575,28967.72
CUST_0174,2023-01-09 06:54:59.303382,59,High,Texas,Low Risk,450,32917.55
CUST_0175,2023-07-22 06:54:59.303384,18,Medium,Illinois,High Risk,498,21268.37
CUST_0176,2022-06-17 06:54:59.303386,26,Low,Texas,Medium Risk,552,20641.27
CUST_0177,2016-09-25 06:54:59.303388,22,High,Florida,Medium Risk,437,32205.129999999997
CUST_0178,2021-09-27 06:54:59.303390,68,High,New York,High Risk,313,32501.17
CUST_0179,2017-01-20 06:54:59.303392,45,Medium,New York,Low Risk,328,21761.39
CUST_0180,2017-05-24 06:54:59.303395,61,High,Texas,Low Risk,752,22698.53
CUST_0181,2022-07-06 06:54:59.303397,32,High,California,Medium Risk,582,29418.7
CUST_0182,2019-06-20 06:54:59.303399,56,Medium,Texas,High Risk,608,30378.489999999998
CUST_0183,2022-10-30 06:54:59.303401,43,Medium,California,High Risk,838,38969.14
CUST_0184,2019-09-14 06:54:59.303403,53,Low,Illinois,Medium Risk,320,27554.45
CUST_0185,2022-07-21 06:54:59.303405,32,High,Florida,Low Risk,690,25625.37
CUST_0186,2023-06-12 06:54:59.303407,47,High,California,High Risk,777,26116.98
CUST_0187,2017-01-23 06:54:59.303409,30,High,New York,Medium Risk,471,20736.72
CUST_0188,2023-08-12 06:54:59.303411,39,High,Florida,Low Risk,339,18369.03
CUST_0189,2021-09-02 06:54:59.303413,56,Low,Texas,Medium Risk,471,24342.2
CUST_0190,2021-10-12 06:54:59.303415,24,High,New York,Medium Risk,309,19284.65
CUST_0191,2015-10-20 06:54:59.303417,56,High,New York,Medium Risk,834,31482.09
CUST_0192,2022-06-19 06:54:59.303419,74,Medium,Florida,High Risk,709,15809.07
CUST_0193,2018-06-25 06:54:59.303421,23,High,Texas,Low Risk,662,25659.84
CUST_0194,2021-06-29 06:54:59.303424,68,Medium,Texas,High Risk,393,30868.940000000002
CUST_0195,2015-09-13 06:54:59.303426,38,High,Texas,Medium Risk,620,28897.64
CUST_0196,2014-11-16 06:54:59.303428,38,High,Texas,High Risk,326,27992.93
CUST_0197,2023-03-03 06:54:59.303431,52,High,California,High Risk,773,34496.9
CUST_0198,2016-03-27 06:54:59.303433,47,High,New York,High Risk,821,23418.29
CUST_0199,2023-08-07 06:54:59.303436,75,Low,Texas,Medium Risk,537,20796.07
CUST_0200,2017-10-01 06:54:59.303438,38,Low,New York,Medium Risk,565,24996.120000000003
CUST_0201,2019-01-30 06:54:59.303441,34,Medium,Florida,Medium Risk,686,29234.49
CUST_0202,2016-11-23 06:54:59.303445,19,High,Florida,Medium Risk,360,45142.49
CUST_0203,2022-09-19 06:54:59.303447,51,High,New York,High Risk,743,15551.2
CUST_0204,2020-12-09 06:54:59.303450,20,Medium,California,High Risk,761,19612.0
CUST_0205,2023-01-26 06:54:59.303453,30,High,California,Medium Risk,800,14992.8
CUST_0206,2021-05-18 06:54:59.303455,41,Medium,Texas,High Risk,469,21526.61
CUST_0207,2023-01-18 06:54:59.303458,23,Low,Texas,Medium Risk,521,18598.28
CUST_0208,2016-08-07 06:54:59.303461,31,Medium,Illinois,Low Risk,412,29749.6
CUST_0209,2020-06-23 06:54:59.303464,73,High,Texas,Low Risk,828,19461.46
CUST_0210,2019-12-05 06:54:59.303466,51,Low,Texas,High Risk,396,28713.78
CUST_0211,2018-12-18 06:54:59.303469,40,High,California,Low Risk,836,11045.78
CUST_0212,2021-10-31 06:54:59.303472,30,Medium,New York,High Risk,522,36354.23
CUST_0213,2023-03-03 06:54:59.303474,71,Medium,Illinois,High Risk,709,26086.24
CUST_0214,2018-03-17 06:54:59.303477,30,High,New York,Medium Risk,629,40377.7
CUST_0215,2018-08-13 06:54:59.303480,34,Low,New York,Medium Risk,583,27272.71
CUST_0216,2023-05-31 06:54:59.303483,61,High,New York,Low Risk,536,43720.81
CUST_0217,2017-03-01 06:54:59.303485,64,High,Texas,Low Risk,360,8207.75
CUST_0218,2022-09-21 06:54:59.303488,65,Medium,Florida,High Risk,626,25560.8
CUST_0219,2016-01-05 06:54:59.303491,37,Low,Texas,High Risk,585,13307.949999999999
CUST_0220,2019-06-20 06:54:59.303494,37,Medium,California,High Risk,388,26568.95
CUST_0221,2021-08-14 06:54:59.303497,51,Medium,Florida,Low Risk,489,8370.89
CUST_0222,2020-12-08 06:54:59.303499,73,Low,California,High Risk,410,18498.35
CUST_0223,2019-11-01 06:54:59.303502,42,Medium,Illinois,High Risk,770,25873.68
CUST_0224,2015-08-26 06:54:59.303505,34,High,Florida,High Risk,323,8368.86
CUST_0225,2018-07-31 06:54:59.303508,48,High,Florida,High Risk,789,26152.81
CUST_0226,2017-06-19 06:54:59.303510,40,Medium,New York,Medium Risk,662,40004.23
CUST_0227,2021-12-15 06:54:59.303513,73,High,California,Low Risk,556,24377.99
CUST_0228,2016-01-12 06:54:59.303516,63,Low,Florida,Medium Risk,745,30368.49
CUST_0229,2016-04-23 06:54:59.303518,33,High,California,Medium Risk,477,53896.74
CUST_0230,2021-07-28 06:54:59.303521,20,High,Florida,Low Risk,338,18904.03
CUST_0231,2015-04-01 06:54:59.303524,37,Low,Illinois,High Risk,839,9979.550000000001
CUST_0232,2023-03-16 06:54:59.303527,53,High,Texas,High Risk,480,18253.07
CUST_0233,2015-01-04 06:54:59.303529,22,High,Texas,High Risk,464,27276.46
CUST_0234,2016-04-09 06:54:59.303532,18,High,California,High Risk,740,32106.95
CUST_0235,2022-01-29 06:54:59.303535,47,Medium,New York,High Risk,503,31518.84
CUST_0236,2022-01-14 06:54:59.303538,49,Medium,California,High Risk,607,36469.2
CUST_0237,2020-01-06 06:54:59.303541,64,Low,Texas,Low Risk,844,17941.67
CUST_0238,2017-12-01 06:54:59.303543,46,High,Florida,Medium Risk,352,17190.38
CUST_0239,2021-01-16 06:54:59.303546,21,Medium,Illinois,Medium Risk,355,28124.3
CUST_0240,2022-07-16 06:54:59.303548,69,Low,California,High Risk,535,30619.18
CUST_0241,2017-02-28 06:54:59.303551,44,Low,California,Medium Risk,324,27977.850000000002
CUST_0242,2018-11-23 06:54:59.303554,49,Medium,Florida,Low Risk,678,31664.52
CUST_0243,2016-05-22 06:54:59.303556,47,High,Florida,Medium Risk,563,14868.150000000001
CUST_0244,2021-11-22 06:54:59.303559,46,Medium,Florida,Medium Risk,765,20673.89
CUST_0245,2023-09-15 06:54:59.303566,25,High,Illinois,Low Risk,588,23180.57
CUST_0246,2018-07-26 06:54:59.303569,23,High,New York,Low Risk,585,28202.78
CUST_0247,2016-03-19 06:54:59.303575,23,Low,New York,Low Risk,837,22438.12
CUST_0248,2019-04-05 06:54:59.303578,33,Medium,Texas,Medium Risk,638,28621.510000000002
CUST_0249,2017-06-21 06:54:59.303580,24,Medium,Florida,Medium Risk,683,6648.25
CUST_0250,2018-02-24 06:54:59.303583,70,Medium,Florida,Medium Risk,433,16969.89
CUST_0251,2020-05-12 06:54:59.303586,66,Medium,California,Medium Risk,368,34075.31
CUST_0252,2016-07-29 06:54:59.303589,27,Medium,New York,High Risk,751,30798.21
CUST_0253,2019-11-07 06:54:59.303592,44,Low,Illinois,Low Risk,849,43687.14
CUST_0254,2019-07-01 06:54:59.303595,74,High,California,Medium Risk,416,36407.8
CUST_0255,2016-06-24 06:54:59.303597,31,Medium,New York,Medium Risk,399,15695.189999999999
CUST_0256,2021-01-15 06:54:59.303601,46,Medium,California,High Risk,457,25569.86
CUST_0257,2022-02-18 06:54:59.303603,57,Medium,Texas,High Risk,468,16193.85
CUST_0258,2017-07-26 06:54:59.303606,22,Low,Florida,Medium Risk,646,24216.54
CUST_0259,2016-02-09 06:54:59.303609,70,Medium,Florida,Medium Risk,724,48939.1
CUST_0260,2023-09-19 06:54:59.303612,45,Low,New York,High Risk,522,21226.62
CUST_0261,2018-09-20 06:54:59.303615,53,High,Texas,High Risk,557,26601.29
CUST_0262,2015-07-16 06:54:59.303617,66,High,California,Medium Risk,660,27917.2
CUST_0263,2022-12-20 06:54:59.303620,74,Low,Florida,Low Risk,662,13258.6
CUST_0264,2020-02-02 06:54:59.303623,71,Low,California,Medium Risk,560,16874.76
CUST_0265,2015-07-26 06:54:59.303625,43,Low,Illinois,Low Risk,819,17418.9
CUST_0266,2023-05-05 06:54:59.303628,20,Medium,New York,High Risk,311,33056.53
CUST_0267,2017-10-01 06:54:59.303631,29,High,Illinois,High Risk,832,31459.13
CUST_0268,2020-09-14 06:54:59.303634,33,Medium,Texas,Medium Risk,364,17730.86
CUST_0269,2022-05-05 06:54:59.303637,49,Low,Texas,Low Risk,730,21069.7
CUST_0270,2021-02-28 06:54:59.303651,32,Low,Florida,Medium Risk,413,21581.78
CUST_0271,2015-04-23 06:54:59.303654,26,Low,California,Medium Risk,730,29679.75
CUST_0272,2018-06-14 06:54:59.303657,71,Low,New York,High Risk,770,20947.95
CUST_0273,2019-11-27 06:54:59.303660,73,High,Texas,High Risk,375,18615.63
CUST_0274,2017-01-04 06:54:59.303663,35,Low,California,Medium Risk,402,27656.87
CUST_0275,2020-08-16 06:54:59.303665,40,High,Florida,High Risk,766,38418.79
CUST_0276,2016-04-20 06:54:59.303668,38,High,Texas,Low Risk,450,22356.35
CUST_0277,2019-10-29 06:54:59.303671,45,Low,Illinois,Low Risk,691,16644.49
CUST_0278,2017-03-27 06:54:59.303674,24,Medium,Texas,Medium Risk,489,27028.19
CUST_0279,2016-09-30 06:54:59.303677,53,Low,New York,Medium Risk,718,15923.32
CUST_0280,2016-11-21 06:54:59.303680,75,High,New York,High Risk,334,26134.04
CUST_0281,2022-05-15 06:54:59.303683,36,Medium,Texas,Low Risk,652,22069.15
CUST_0282,2015-10-30 06:54:59.303685,57,High,California,Medium Risk,735,25935.78
CUST_0283,2020-05-17 06:54:59.303688,52,Medium,California,Medium Risk,585,29327.96
CUST_0284,2019-07-03 06:54:59.303691,68,High,Illinois,Medium Risk,589,9892.369999999999
CUST_0285,2015-06-18 06:54:59.303694,30,High,New York,Low Risk,444,25631.37
CUST_0286,2019-03-17 06:54:59.303697,63,Medium,Illinois,Low Risk,385,30724.51
CUST_0287,2016-07-22 06:54:59.303699,36,High,Texas,Low Risk,754,10359.91
CUST_0288,2022-12-13 06:54:59.303702,67,Medium,Illinois,Medium Risk,621,11293.550000000001
CUST_0289,2023-11-02 06:54:59.303705,46,Low,Illinois,Medium Risk,493,17895.58
CUST_0290,2017-03-09 06:54:59.303708,50,Low,California,High Risk,345,32276.25
CUST_0291,2021-09-12 06:54:59.303710,56,Low,Texas,Medium Risk,525,14717.92
CUST_0292,2016-01-08 06:54:59.303713,47,High,New York,Low Risk,755,22624.41
CUST_0293,2020-02-08 06:54:59.303716,52,Low,California,High Risk,819,16266.97
CUST_0294,2022-01-22 06:54:59.303719,58,Low,Illinois,Medium Risk,718,16178.08
CUST_0295,2021-03-03 06:54:59.303721,34,Medium,New York,High Risk,439,13976.0
CUST_0296,2021-05-09 06:54:59.303724,35,High,California,Low Risk,334,23386.97
CUST_0297,2016-09-15 06:54:59.303727,32,Medium,New York,Medium Risk,501,23653.21
CUST_0298,2018-10-30 06:54:59.303729,19,Medium,Illinois,High Risk,590,15735.84
CUST_0299,2019-08-11 06:54:59.303732,25,Low,Florida,Medium Risk,510,18367.4
CUST_0300,2015-11-21 06:54:59.303735,57,Medium,Texas,Medium Risk,571,48671.28
CUST_0301,2016-04-19 06:54:59.303738,68,Low,Texas,High Risk,356,17178.04
CUST_0302,2017-06-25 06:54:59.303740,63,Medium,California,High Risk,825,30706.920000000002
CUST_0303,2019-03-17 06:54:59.303743,24,Medium,Texas,Medium Risk,675,19407.5
CUST_0304,2023-07-02 06:54:59.303746,29,High,Florida,High Risk,591,29662.33
CUST_0305,2019-05-06 06:54:59.303749,64,Low,Florida,Medium Risk,693,1026.7
CUST_0306,2015-12-26 06:54:59.303751,44,High,New York,Medium Risk,434,25306.08
CUST_0307,2017-06-28 06:54:59.303754,33,High,Florida,Medium Risk,337,25226.95
CUST_0308,2019-03-01 06:54:59.303756,31,Medium,Florida,High Risk,497,23977.56
CUST_0309,2015-03-13 06:54:59.303759,36,High,Texas,Low Risk,607,22293.96
CUST_0310,2016-06-05 06:54:59.303763,74,Medium,Florida,Medium Risk,511,27951.33
CUST_0311,2015-11-26 06:54:59.303766,65,Medium,Texas,Low Risk,758,17489.8
CUST_0312,2023-05-01 06:54:59.303768,60,Low,Illinois,Low Risk,601,36840.05
CUST_0313,2021-12-30 06:54:59.303771,18,High,Florida,Low Risk,303,19557.2
CUST_0314,2018-11-10 06:54:59.303774,65,Medium,Florida,Low Risk,343,27147.75
CUST_0315,2023-02-20 06:54:59.303776,52,Medium,New York,High Risk,738,14453.779999999999
CUST_0316,2020-12-12 06:54:59.303779,50,Medium,New York,Low Risk,746,24724.59
CUST_0317,2015-12-27 06:54:59.303782,45,Medium,Florida,Low Risk,310,26133.13
CUST_0318,2022-02-01 06:54:59.303785,72,Medium,Florida,Low Risk,470,11742.36
CUST_0319,2018-11-06 06:54:59.303788,21,High,New York,Medium Risk,405,19416.760000000002
CUST_0320,2017-12-09 06:54:59.303790,25,Medium,Florida,Medium Risk,675,36636.21
CUST_0321,2018-05-23 06:54:59.303793,42,Medium,New York,Low Risk,729,20936.21
CUST_0322,2017-07-23 06:54:59.303796,59,Medium,Florida,Medium Risk,536,18409.54
CUST_0323,2017-01-30 06:54:59.303799,35,High,Illinois,High Risk,575,23533.68
CUST_0324,2015-05-20 06:54:59.303801,25,High,Florida,High Risk,711,32049.22
CUST_0325,2023-11-08 06:54:59.303804,65,High,New York,High Risk,812,29417.56
CUST_0326,2023-06-02 06:54:59.303807,54,Medium,California,High Risk,662,29873.65
CUST_0327,2018-04-23 06:54:59.303809,40,Low,California,Medium Risk,458,11017.68
CUST_0328,2020-03-13 06:54:59.303812,32,Medium,Texas,High Risk,393,29310.75
CUST_0329,2020-05-09 06:54:59.303815,61,Medium,Florida,High Risk,635,20853.1
CUST_0330,2018-08-14 06:54:59.303818,63,Low,Texas,Medium Risk,520,10773.25
CUST_0331,2023-04-18 06:54:59.303825,63,Low,Illinois,Medium Risk,342,30741.71
CUST_0332,2019-03-14 06:54:59.303828,52,High,Florida,Medium Risk,702,16036.74
CUST_0333,2021-09-29 06:54:59.303831,60,Medium,New York,Medium Risk,684,46610.34
CUST_0334,2017-09-14 06:54:59.303834,36,Low,Illinois,Medium Risk,585,31923.19
CUST_0335,2016-10-02 06:54:59.303837,32,Medium,New York,High Risk,637,48247.22
CUST_0336,2022-12-02 06:54:59.303840,65,Medium,California,High Risk,499,22549.23
CUST_0337,2015-09-20 06:54:59.303843,71,Medium,Florida,Medium Risk,816,17721.61
CUST_0338,2022-05-23 06:54:59.303845,75,High,California,Medium Risk,542,6482.37
CUST_0339,2023-09-09 06:54:59.303848,33,High,New York,Low Risk,337,27722.54
CUST_0340,2019-05-08 06:54:59.303851,22,Medium,California,Medium Risk,803,45208.37
CUST_0341,2016-03-30 06:54:59.303856,51,Medium,California,Low Risk,552,15393.9
CUST_0342,2019-03-04 06:54:59.303859,37,High,Florida,High Risk,510,32183.82
CUST_0343,2020-04-22 06:54:59.303861,61,Medium,Texas,Medium Risk,587,22703.14
CUST_0344,2023-10-26 06:54:59.303864,38,Medium,New York,Low Risk,464,19849.38
CUST_0345,2021-06-17 06:54:59.303867,32,Low,Illinois,Low Risk,488,44743.47
CUST_0346,2023-09-11 06:54:59.303870,41,High,California,Low Risk,762,16348.31
CUST_0347,2015-10-23 06:54:59.303872,58,Low,California,Low Risk,537,11519.61
CUST_0348,2015-05-23 06:54:59.303875,48,Low,Illinois,Medium Risk,344,19579.39
CUST_0349,2023-10-30 06:54:59.303878,36,High,Florida,Medium Risk,380,15456.619999999999
CUST_0350,2016-04-11 06:54:59.303881,55,Low,Texas,Medium Risk,537,20968.16
CUST_0351,2017-12-05 06:54:59.303884,28,High,Texas,High Risk,705,35508.43
CUST_0352,2016-12-27 06:54:59.303886,26,High,Illinois,Medium Risk,706,12027.619999999999
CUST_0353,2022-10-04 06:54:59.303889,69,Medium,Florida,Low Risk,732,34036.3
CUST_0354,2021-09-19 06:54:59.303893,18,Low,Florida,High Risk,328,38006.62
CUST_0355,2022-07-09 06:54:59.303896,53,Low,Florida,Medium Risk,449,26201.5
CUST_0356,2017-01-12 06:54:59.303898,50,Low,Illinois,Low Risk,595,30005.02
CUST_0357,2016-07-28 06:54:59.303901,38,Low,Illinois,Low Risk,615,13841.199999999999
CUST_0358,2021-08-17 06:54:59.303904,41,Low,California,Medium Risk,345,19013.600000000002
CUST_0359,2020-06-18 06:54:59.303906,55,High,Texas,Medium Risk,508,39804.71
CUST_0360,2020-09-18 06:54:59.303909,58,Medium,Florida,High Risk,605,33346.31
CUST_0361,2016-02-18 06:54:59.303912,19,Low,California,High Risk,797,27912.76
CUST_0362,2021-10-23 06:54:59.303915,69,Low,Florida,High Risk,691,20524.97
CUST_0363,2022-09-24 06:54:59.303917,26,Medium,Illinois,High Risk,415,21687.91
CUST_0364,2018-07-09 06:54:59.303920,74,Low,California,Medium Risk,657,18554.93
CUST_0365,2019-05-29 06:54:59.303923,43,Low,California,Low Risk,391,15154.37
CUST_0366,2016-10-25 06:54:59.303926,27,Medium,Texas,Medium Risk,768,25060.91
CUST_0367,2022-12-10 06:54:59.303929,29,High,California,High Risk,672,23582.77
CUST_0368,2023-08-11 06:54:59.303931,50,Low,Florida,Low Risk,529,26246.69
CUST_0369,2020-10-09 06:54:59.303934,22,High,New York,Medium Risk,345,23773.65
CUST_0370,2018-10-10 06:54:59.303937,26,Low,Florida,Low Risk,403,14250.28
CUST_0371,2014-11-19 06:54:59.303940,66,Low,California,High Risk,666,30901.72
CUST_0372,2014-12-20 06:54:59.303943,31,High,Florida,High Risk,772,22517.35
CUST_0373,2022-07-22 06:54:59.303946,68,High,Texas,Medium Risk,495,3227.12
CUST_0374,2020-12-23 06:54:59.303948,67,Low,Florida,Low Risk,617,38957.09
CUST_0375,2022-05-11 06:54:59.303951,49,Low,Texas,Medium Risk,596,44162.490000000005
CUST_0376,2016-07-10 06:54:59.303954,54,Low,Texas,Low Risk,401,32126.91
CUST_0377,2018-01-05 06:54:59.303957,67,High,New York,High Risk,303,26840.65
CUST_0378,2016-07-22 06:54:59.303959,62,Medium,New York,Low Risk,369,19246.25
CUST_0379,2016-08-15 06:54:59.303962,31,High,New York,Medium Risk,745,20272.78
CUST_0380,2019-12-18 06:54:59.303965,33,Medium,California,Medium Risk,505,9784.11
CUST_0381,2022-07-25 06:54:59.303968,64,Medium,California,Low Risk,807,24937.47
CUST_0382,2022-02-14 06:54:59.303970,26,High,Texas,Low Risk,509,25102.49
CUST_0383,2020-09-24 06:54:59.303973,70,Medium,Texas,High Risk,800,26244.57
CUST_0384,2023-08-24 06:54:59.303976,32,Low,Texas,High Risk,715,45189.63
CUST_0385,2023-05-19 06:54:59.303979,66,Medium,New York,Low Risk,831,33486.0
CUST_0386,2023-05-26 06:54:59.303981,42,High,Texas,Medium Risk,784,20743.84
CUST_0387,2021-07-19 06:54:59.303984,40,High,Illinois,Low Risk,464,27123.57
CUST_0388,2016-03-20 06:54:59.303986,56,High,New York,Medium Risk,458,14710.16
CUST_0389,2020-12-10 06:54:59.303989,55,Medium,New York,Low Risk,304,22087.9
CUST_0390,2017-08-04 06:54:59.303992,26,Medium,California,High Risk,837,34211.12
CUST_0391,2020-04-28 06:54:59.303995,58,Low,Florida,Low Risk,765,14442.5
CUST_0392,2019-09-28 06:54:59.303998,49,High,Illinois,Low Risk,375,34280.58
CUST_0393,2017-06-28 06:54:59.304001,75,High,New York,Low Risk,722,36130.53
CUST_0394,2023-05-20 06:54:59.304003,24,Low,New York,High Risk,627,22983.79
CUST_0395,2015-06-15 06:54:59.304006,57,High,California,Medium Risk,483,32359.32
CUST_0396,2015-12-28 06:54:59.304009,71,Medium,Florida,Medium Risk,382,35572.33
CUST_0397,2017-01-15 06:54:59.304012,19,Medium,Illinois,Medium Risk,648,9103.13
CUST_0398,2016-07-03 06:54:59.304015,51,Medium,California,Low Risk,766,33497.369999999995
CUST_0399,2018-04-23 06:54:59.304018,56,Medium,Florida,High Risk,497,30482.65
CUST_0400,2015-11-13 06:54:59.304020,40,Medium,New York,Low Risk,801,33680.98
CUST_0401,2016-08-18 06:54:59.304023,49,Low,Florida,High Risk,729,26652.19
CUST_0402,2018-09-17 06:54:59.304028,47,Medium,California,High Risk,352,25039.18
CUST_0403,2016-09-03 06:54:59.304031,37,Low,Florida,Low Risk,461,34140.94
CUST_0404,2018-12-21 06:54:59.304034,18,Low,Illinois,Medium Risk,556,15215.58
CUST_0405,2019-09-05 06:54:59.304037,32,High,Texas,Low Risk,598,25744.58
CUST_0406,2017-10-27 06:54:59.304039,53,Low,Florida,High Risk,601,16185.13
CUST_0407,2021-11-08 06:54:59.304042,59,High,California,High Risk,746,27431.4
CUST_0408,2021-07-10 06:54:59.304045,28,Medium,Illinois,Medium Risk,301,24536.87
CUST_0409,2019-08-23 06:54:59.304048,60,Medium,Texas,High Risk,804,25131.27
CUST_0410,2017-04-09 06:54:59.304050,74,Medium,Texas,Low Risk,370,14946.46
CUST_0411,2020-08-03 06:54:59.304053,49,Medium,Illinois,High Risk,783,12268.710000000001
CUST_0412,2023-10-03 06:54:59.304056,69,Medium,Texas,Medium Risk,598,18715.6
CUST_0413,2022-04-20 06:54:59.304059,65,Medium,Texas,Low Risk,778,42733.93
CUST_0414,2022-02-28 06:54:59.304061,48,Medium,New York,Low Risk,675,18949.83
CUST_0415,2020-10-23 06:54:59.304064,52,High,Illinois,High Risk,791,45299.48
CUST_0416,2020-02-12 06:54:59.304071,38,Low,Texas,Low Risk,371,34036.2
CUST_0417,2020-01-26 06:54:59.304075,63,Low,Florida,High Risk,615,38142.95
CUST_0418,2014-12-31 06:54:59.304077,72,Medium,Florida,Medium Risk,515,46901.86
CUST_0419,2019-09-26 06:54:59.304080,23,High,California,Medium Risk,728,49874.03
CUST_0420,2015-10-19 06:54:59.304083,34,Low,Florida,Medium Risk,774,48842.98
CUST_0421,2022-10-21 06:54:59.304085,26,High,New York,Low Risk,660,35558.41
CUST_0422,2020-01-23 06:54:59.304088,56,Low,New York,High Risk,753,17410.27
CUST_0423,2015-02-11 06:54:59.304091,43,Medium,Illinois,Medium Risk,448,36218.55
CUST_0424,2016-11-23 06:54:59.304093,63,High,Florida,Medium Risk,793,33876.78
CUST_0425,2023-06-15 06:54:59.304096,30,Medium,California,High Risk,669,21680.989999999998
CUST_0426,2023-05-24 06:54:59.304099,70,Medium,Texas,Low Risk,365,40218.61
CUST_0427,2020-10-30 06:54:59.304101,38,Low,Texas,Low Risk,563,35845.55
CUST_0428,2022-01-06 06:54:59.304104,68,Medium,Florida,Low Risk,514,13512.83
CUST_0429,2022-03-06 06:54:59.304107,36,Low,New York,High Risk,438,17763.6
CUST_0430,2017-04-24 06:54:59.304110,42,Low,New York,Low Risk,838,40795.83
CUST_0431,2020-08-10 06:54:59.304112,21,Medium,New York,Medium Risk,592,6684.33
CUST_0432,2019-10-22 06:54:59.304116,31,Medium,Florida,Low Risk,383,14247.17
CUST_0433,2019-06-05 06:54:59.304119,20,High,Texas,Low Risk,481,19878.11
CUST_0434,2017-09-14 06:54:59.304121,38,High,New York,Medium Risk,304,19883.81
CUST_0435,2022-05-26 06:54:59.304124,64,Medium,California,Low Risk,850,31489.12
CUST_0436,2020-07-25 06:54:59.304127,65,Low,Florida,Low Risk,766,30651.34
CUST_0437,2022-07-26 06:54:59.304130,33,Low,Texas,High Risk,794,22460.56
CUST_0438,2018-06-29 06:54:59.304133,39,Medium,Texas,High Risk,584,15742.32
CUST_0439,2015-08-30 06:54:59.304135,73,High,Illinois,High Risk,485,24736.04
CUST_0440,2021-03-02 06:54:59.304138,46,High,Texas,High Risk,305,17300.329999999998
CUST_0441,2023-04-25 06:54:59.304141,60,Low,New York,High Risk,745,18609.85
CUST_0442,2020-05-26 06:54:59.304144,64,Low,New York,Medium Risk,660,15593.27
CUST_0443,2021-11-03 06:54:59.304146,60,High,Florida,Medium Risk,609,25272.83
CUST_0444,2017-12-27 06:54:59.304149,60,High,California,High Risk,747,22911.64
CUST_0445,2015-09-07 06:54:59.304152,32,High,New York,Medium Risk,348,20705.81
CUST_0446,2023-01-22 06:54:59.304155,34,Medium,Florida,Low Risk,333,22205.62
CUST_0447,2020-06-17 06:54:59.304157,40,High,Illinois,High Risk,347,22906.32
CUST_0448,2019-05-02 06:54:59.304160,60,Medium,New York,Low Risk,554,43827.07
CUST_0449,2020-03-03 06:54:59.304163,28,Low,Florida,Medium Risk,733,32538.9
CUST_0450,2020-07-01 06:54:59.304166,37,Medium,Florida,High Risk,393,13223.42
CUST_0451,2019-03-16 06:54:59.304168,19,High,California,Medium Risk,347,40433.59
CUST_0452,2022-08-20 06:54:59.304171,40,High,Illinois,Low Risk,684,18184.47
CUST_0453,2022-09-27 06:54:59.304174,54,High,Florida,Medium Risk,781,17679.39
CUST_0454,2017-07-25 06:54:59.304176,52,High,Texas,Medium Risk,514,31277.37
CUST_0455,2018-06-17 06:54:59.304179,21,High,New York,Medium Risk,419,17455.1
CUST_0456,2018-07-16 06:54:59.304182,64,Medium,California,Low Risk,573,12660.6
CUST_0457,2020-01-28 06:54:59.304185,58,High,Illinois,Medium Risk,318,19704.36
CUST_0458,2014-11-27 06:54:59.304189,27,Low,New York,High Risk,477,18680.71
CUST_0459,2020-01-01 06:54:59.304192,40,High,Florida,High Risk,785,31339.940000000002
CUST_0460,2022-06-17 06:54:59.304195,19,High,Texas,Low Risk,348,14465.6
CUST_0461,2018-06-25 06:54:59.304198,49,Medium,Texas,Medium Risk,368,24651.55
CUST_0462,2022-07-21 06:54:59.304201,58,Medium,New York,Low Risk,319,9950.369999999999
CUST_0463,2016-01-04 06:54:59.304203,21,Medium,New York,Low Risk,557,15693.74
CUST_0464,2018-04-10 06:54:59.304206,19,Medium,California,Medium Risk,449,21887.5
CUST_0465,2019-01-26 06:54:59.304209,33,High,Florida,Medium Risk,748,10681.0
CUST_0466,2023-06-07 06:54:59.304212,20,Medium,California,Low Risk,462,9043.29
CUST_0467,2020-06-20 06:54:59.304215,18,Low,California,High Risk,522,30934.64
CUST_0468,2020-02-05 06:54:59.304217,32,Medium,California,High Risk,544,24914.98
CUST_0469,2015-08-13 06:54:59.304220,59,Low,Texas,High Risk,524,26267.6
CUST_0470,2016-02-24 06:54:59.304223,38,High,Texas,Low Risk,318,7897.139999999999
CUST_0471,2022-02-09 06:54:59.304226,22,High,Texas,High Risk,362,40931.18
CUST_0472,2021-12-26 06:54:59.304229,70,Medium,California,Medium Risk,759,24135.05
CUST_0473,2016-10-28 06:54:59.304232,21,Low,Texas,High Risk,800,34864.19
CUST_0474,2017-07-10 06:54:59.304235,40,Low,Illinois,High Risk,639,22243.9
CUST_0475,2019-08-23 06:54:59.304237,60,Low,Texas,Low Risk,455,34603.94
CUST_0476,2016-09-09 06:54:59.304240,45,Medium,Illinois,High Risk,373,21647.29
CUST_0477,2022-11-17 06:54:59.304243,26,High,Florida,Low Risk,363,33440.13
CUST_0478,2023-02-12 06:54:59.304246,75,Low,California,Low Risk,349,26627.82
CUST_0479,2022-11-27 06:54:59.304249,31,High,Texas,High Risk,357,24540.56
CUST_0480,2021-08-19 06:54:59.304252,46,High,Texas,Low Risk,533,25642.91
CUST_0481,2015-06-12 06:54:59.304254,45,High,Illinois,High Risk,711,29064.67
CUST_0482,2021-05-17 06:54:59.304257,27,Medium,Florida,Low Risk,570,19961.190000000002
CUST_0483,2023-03-03 06:54:59.304260,40,Medium,Illinois,Medium Risk,309,20946.01
CUST_0484,2019-07-16 06:54:59.304263,37,High,Florida,Medium Risk,806,36428.46
CUST_0485,2023-10-07 06:54:59.304265,29,High,California,High Risk,567,36616.79
CUST_0486,2022-10-03 06:54:59.304268,59,Medium,California,High Risk,402,23279.62
CUST_0487,2019-06-09 06:54:59.304271,39,High,New York,High Risk,453,15524.420000000002
CUST_0488,2017-08-12 06:54:59.304273,64,Low,Illinois,High Risk,381,37204.43
CUST_0489,2018-01-13 06:54:59.304276,68,Medium,Illinois,Medium Risk,679,30727.51
CUST_0490,2020-08-08 06:54:59.304280,65,Medium,California,Low Risk,626,27669.06
CUST_0491,2018-10-28 06:54:59.304283,44,Medium,New York,High Risk,834,23790.92
CUST_0492,2018-05-17 06:54:59.304285,42,Medium,Texas,Medium Risk,505,16848.02
CUST_0493,2015-01-06 06:54:59.304288,18,Medium,Florida,High Risk,846,28961.96
CUST_0494,2017-04-18 06:54:59.304291,44,High,Florida,High Risk,516,19272.15
CUST_0495,2015-11-04 06:54:59.304294,75,Medium,Florida,Medium Risk,827,35335.8
CUST_0496,2016-03-27 06:54:59.304297,34,Low,New York,Medium Risk,606,17079.850000000002
CUST_0497,2021-06-02 06:54:59.304300,52,High,New York,Medium Risk,836,23601.62
CUST_0498,2019-02-10 06:54:59.304302,52,High,Florida,Low Risk,553,23125.38
CUST_0499,2022-12-01 06:54:59.304305,69,High,Illinois,Low Risk,461,22680.37
CUST_0500,2019-09-22 06:54:59.304308,65,Medium,New York,Medium Risk,489,17247.76
CUST_0501,2021-05-21 06:54:59.304314,61,Medium,Illinois,Medium Risk,662,21780.25
CUST_0502,2020-12-05 06:54:59.304317,63,Medium,Illinois,Medium Risk,368,18061.81
CUST_0503,2017-04-16 06:54:59.304320,47,High,Florida,High Risk,403,36354.79
CUST_0504,2015-02-20 06:54:59.304325,66,High,Texas,Medium Risk,592,22292.469999999998
CUST_0505,2021-12-26 06:54:59.304328,20,Low,New York,Low Risk,724,8776.24
CUST_0506,2019-01-07 06:54:59.304331,54,Low,Texas,High Risk,733,37124.66
CUST_0507,2021-09-13 06:54:59.304334,25,High,Texas,Medium Risk,820,28654.7
CUST_0508,2019-11-01 06:54:59.304336,44,Medium,Illinois,Low Risk,560,31491.13
CUST_0509,2022-07-25 06:54:59.304339,42,High,Texas,High Risk,842,18639.77
CUST_0510,2023-02-20 06:54:59.304342,28,Medium,New York,Low Risk,456,28255.83
CUST_0511,2015-12-25 06:54:59.304345,18,Low,Texas,High Risk,413,14064.490000000002
CUST_0512,2023-07-18 06:54:59.304348,50,Low,New York,Low Risk,680,36058.97
CUST_0513,2017-12-16 06:54:59.304350,26,High,Illinois,Low Risk,707,32818.62
CUST_0514,2018-10-16 06:54:59.304353,57,Low,Florida,Low Risk,423,37767.31
CUST_0515,2015-06-02 06:54:59.304356,73,Medium,Florida,High Risk,490,21252.59
CUST_0516,2016-04-06 06:54:59.304359,60,Medium,Florida,Low Risk,350,22022.35
CUST_0517,2021-08-04 06:54:59.304362,50,Medium,Illinois,High Risk,718,32017.84
CUST_0518,2022-07-09 06:54:59.304364,71,Medium,Texas,Low Risk,331,29415.83
CUST_0519,2018-04-12 06:54:59.304367,64,Low,California,Low Risk,578,15670.41
CUST_0520,2019-05-23 06:54:59.304370,62,High,New York,Medium Risk,622,49315.57
CUST_0521,2020-12-23 06:54:59.304373,27,Medium,New York,Low Risk,541,25102.92
CUST_0522,2021-07-13 06:54:59.304376,23,Low,Texas,Medium Risk,317,22730.84
CUST_0523,2016-08-31 06:54:59.304379,39,Medium,Florida,High Risk,356,15351.0
CUST_0524,2023-05-20 06:54:59.304382,33,High,Florida,High Risk,333,35753.96
CUST_0525,2014-11-29 06:54:59.304385,71,Low,New York,Low Risk,322,29205.0
CUST_0526,2021-06-07 06:54:59.304388,71,High,Florida,Medium Risk,539,32271.53
CUST_0527,2016-11-11 06:54:59.304390,70,High,Illinois,Medium Risk,635,17977.62
CUST_0528,2022-03-19 06:54:59.304393,29,Low,Illinois,Low Risk,414,26647.98
CUST_0529,2022-09-06 06:54:59.304396,33,High,Florida,Medium Risk,393,23006.39
CUST_0530,2021-08-20 06:54:59.304398,19,Low,Texas,Medium Risk,591,17327.010000000002
CUST_0531,2018-09-18 06:54:59.304401,69,High,Florida,Medium Risk,562,8114.9400000000005
CUST_0532,2019-08-13 06:54:59.304404,75,Medium,Florida,Low Risk,777,37721.94
CUST_0533,2019-10-19 06:54:59.304406,28,Low,New York,High Risk,359,17405.989999999998
CUST_0534,2017-09-22 06:54:59.304409,65,Low,New York,Low Risk,409,23228.050000000003
CUST_0535,2022-02-27 06:54:59.304412,68,Medium,California,High Risk,733,32530.579999999998
CUST_0536,2022-09-05 06:54:59.304415,71,Low,Florida,Low Risk,539,34597.71
CUST_0537,2017-03-02 06:54:59.304418,61,High,California,High Risk,571,16082.92
CUST_0538,2018-05-20 06:54:59.304421,53,Low,Florida,High Risk,577,34941.88
CUST_0539,2022-03-11 06:54:59.304423,28,Medium,Florida,Low Risk,413,41590.38
CUST_0540,2017-07-13 06:54:59.304426,63,Medium,Florida,High Risk,438,24332.1
CUST_0541,2019-04-21 06:54:59.304429,23,Medium,California,High Risk,420,18277.37
CUST_0542,2016-09-11 06:54:59.304432,45,High,Illinois,High Risk,679,16991.77
CUST_0543,2016-03-25 06:54:59.304434,73,Low,Texas,Medium Risk,670,32398.590000000004
CUST_0544,2019-02-09 06:54:59.304437,56,Low,Florida,Low Risk,573,6597.02
CUST_0545,2018-01-04 06:54:59.304440,24,Low,Florida,High Risk,674,25707.73
CUST_0546,2018-04-19 06:54:59.304443,57,Medium,Florida,High Risk,355,22011.25
CUST_0547,2016-03-27 06:54:59.304445,58,Medium,New York,Medium Risk,364,14566.81
CUST_0548,2020-03-28 06:54:59.304448,47,Low,Florida,High Risk,718,15007.789999999999
CUST_0549,2018-04-07 06:54:59.304451,63,High,Texas,High Risk,598,29351.42
CUST_0550,2018-04-06 06:54:59.304454,27,Medium,Illinois,Medium Risk,671,19869.15
CUST_0551,2016-09-24 06:54:59.304456,57,Low,Florida,High Risk,586,34121.08
CUST_0552,2016-05-04 06:54:59.304459,56,High,Illinois,Medium Risk,307,17488.72
CUST_0553,2021-08-03 06:54:59.304462,20,Low,Illinois,High Risk,441,33578.63
CUST_0554,2017-10-07 06:54:59.304464,34,Medium,Illinois,Low Risk,801,27566.120000000003
CUST_0555,2017-01-06 06:54:59.304467,39,Medium,Texas,Low Risk,643,20167.980000000003
CUST_0556,2021-05-26 06:54:59.304469,69,High,Florida,Low Risk,525,11263.5
CUST_0557,2023-09-30 06:54:59.304473,65,High,Texas,Low Risk,509,44651.740000000005
CUST_0558,2020-01-15 06:54:59.304475,64,High,California,Low Risk,377,32787.9
CUST_0559,2015-12-10 06:54:59.304478,42,Low,Texas,Low Risk,734,22315.41
CUST_0560,2015-06-24 06:54:59.304481,19,Medium,Illinois,Medium Risk,655,11018.779999999999
CUST_0561,2020-04-14 06:54:59.304484,58,Low,Florida,Medium Risk,846,26552.28
CUST_0562,2020-03-30 06:54:59.304487,74,Low,New York,High Risk,374,30123.74
CUST_0563,2023-06-16 06:54:59.304490,20,Medium,New York,Medium Risk,465,24570.239999999998
CUST_0564,2017-12-19 06:54:59.304492,49,Medium,Texas,Medium Risk,480,26607.489999999998
CUST_0565,2022-03-11 06:54:59.304495,23,Medium,Texas,Medium Risk,538,17452.949999999997
CUST_0566,2020-12-21 06:54:59.304498,40,High,New York,Low Risk,390,34032.53
CUST_0567,2017-02-04 06:54:59.304501,36,Low,California,Medium Risk,593,26490.05
CUST_0568,2015-01-23 06:54:59.304503,60,High,California,Medium Risk,812,31732.57
CUST_0569,2022-02-08 06:54:59.304506,27,Medium,California,Medium Risk,688,13519.18
CUST_0570,2019-08-09 06:54:59.304512,47,Medium,Florida,High Risk,359,15472.7
CUST_0571,2017-04-26 06:54:59.304515,33,Medium,New York,High Risk,665,29058.08
CUST_0572,2020-07-21 06:54:59.304517,50,Low,Illinois,Low Risk,520,28737.54
CUST_0573,2015-10-20 06:54:59.304520,40,Medium,Texas,Medium Risk,772,23244.25
CUST_0574,2015-12-07 06:54:59.304523,28,Low,New York,Medium Risk,506,34664.71
CUST_0575,2018-07-31 06:54:59.304525,65,High,New York,High Risk,778,20944.94
CUST_0576,2023-02-10 06:54:59.304528,66,Low,Illinois,Medium Risk,817,43455.45
CUST_0577,2014-11-19 06:54:59.304531,43,Medium,New York,High Risk,404,17589.24
CUST_0578,2022-11-27 06:54:59.304533,39,High,Florida,Medium Risk,753,29114.49
CUST_0579,2018-01-23 06:54:59.304536,35,Medium,New York,Medium Risk,501,20087.02
CUST_0580,2023-05-31 06:54:59.304539,69,Medium,Florida,High Risk,659,18083.93
CUST_0581,2023-02-10 06:54:59.304542,49,High,Illinois,Low Risk,620,13610.35
CUST_0582,2021-05-01 06:54:59.304545,43,Low,Illinois,Medium Risk,649,33650.74
CUST_0583,2022-05-23 06:54:59.304547,18,Medium,Texas,High Risk,325,25386.0
CUST_0584,2023-05-26 06:54:59.304550,37,Medium,Texas,High Risk,734,13436.71
CUST_0585,2020-06-26 06:54:59.304552,51,High,California,Medium Risk,409,35387.08
CUST_0586,2023-09-07 06:54:59.304555,75,Medium,Texas,High Risk,623,34897.21
CUST_0587,2015-05-06 06:54:59.304565,36,Medium,Illinois,High Risk,698,27767.62
CUST_0588,2018-10-28 06:54:59.304568,53,Medium,New York,Medium Risk,732,38547.090000000004
CUST_0589,2020-02-23 06:54:59.304571,48,High,Texas,Medium Risk,682,35937.31
CUST_0590,2022-01-19 06:54:59.304574,20,Medium,Illinois,Low Risk,544,22854.55
CUST_0591,2014-11-16 06:54:59.304577,67,Medium,New York,Medium Risk,435,32335.24
CUST_0592,2022-03-09 06:54:59.304580,52,High,New York,Low Risk,682,35934.12
CUST_0593,2016-06-30 06:54:59.304583,54,High,Illinois,High Risk,684,25989.89
CUST_0594,2018-09-08 06:54:59.304596,53,High,California,High Risk,697,27989.73
CUST_0595,2019-09-10 06:54:59.304600,34,High,Florida,High Risk,588,32673.760000000002
CUST_0596,2018-03-11 06:54:59.304602,61,Medium,California,High Risk,493,17037.61
CUST_0597,2019-07-27 06:54:59.304605,20,Medium,New York,High Risk,512,24632.5
CUST_0598,2017-11-29 06:54:59.304608,47,High,Illinois,High Risk,370,20005.82
CUST_0599,2018-03-22 06:54:59.304611,43,Medium,California,High Risk,685,28565.65
CUST_0600,2023-06-24 06:54:59.304614,64,Low,Texas,Low Risk,512,21559.4
CUST_0601,2017-06-02 06:54:59.304616,25,High,New York,Medium Risk,487,11224.32
CUST_0602,2022-11-02 06:54:59.304619,43,Medium,Florida,Medium Risk,497,48748.2
CUST_0603,2016-03-30 06:54:59.304622,40,High,Illinois,Medium Risk,349,22838.71
CUST_0604,2014-12-13 06:54:59.304624,49,High,California,High Risk,645,4171.58
CUST_0605,2018-01-17 06:54:59.304627,21,Low,Illinois,High Risk,686,36186.88
CUST_0606,2015-05-10 06:54:59.304630,19,High,Florida,Low Risk,364,38675.5
CUST_0607,2017-02-14 06:54:59.304632,35,High,Texas,Low Risk,406,29538.670000000002
CUST_0608,2022-12-31 06:54:59.304635,65,Low,California,Medium Risk,347,18831.370000000003
CUST_0609,2015-06-24 06:54:59.304638,20,Medium,Illinois,Medium Risk,673,33917.89
CUST_0610,2019-01-27 06:54:59.304641,34,High,Texas,High Risk,456,29283.52
CUST_0611,2015-05-24 06:54:59.304643,61,Low,New York,Medium Risk,468,25689.059999999998
CUST_0612,2021-07-17 06:54:59.304647,61,High,Illinois,Low Risk,666,35671.02
CUST_0613,2020-08-09 06:54:59.304649,55,Low,California,High Risk,772,21528.9
CUST_0614,2017-11-06 06:54:59.304652,62,High,California,Medium Risk,725,16926.66
CUST_0615,2017-02-21 06:54:59.304655,67,High,New York,High Risk,647,13602.960000000001
CUST_0616,2019-03-03 06:54:59.304659,36,Low,New York,Low Risk,607,21157.81
CUST_0617,2018-06-12 06:54:59.304662,61,Medium,New York,High Risk,596,10750.74
CUST_0618,2014-12-25 06:54:59.304664,66,Low,Illinois,Medium Risk,629,22147.760000000002
CUST_0619,2019-07-01 06:54:59.304667,31,Low,Illinois,Medium Risk,737,17019.02
CUST_0620,2017-01-15 06:54:59.304670,66,High,Texas,Medium Risk,475,24960.89
CUST_0621,2017-04-12 06:54:59.304673,51,High,New York,Low Risk,762,21279.99
CUST_0622,2021-03-27 06:54:59.304676,51,Medium,New York,High Risk,441,22083.260000000002
CUST_0623,2014-11-27 06:54:59.304678,39,Medium,Illinois,Medium Risk,775,22851.32
CUST_0624,2023-08-17 06:54:59.304682,42,Medium,Texas,Medium Risk,442,12215.34
CUST_0625,2016-06-26 06:54:59.304684,71,Medium,Florida,Medium Risk,719,51034.42
CUST_0626,2023-11-08 06:54:59.304687,34,Medium,New York,Low Risk,660,24085.57
CUST_0627,2015-07-19 06:54:59.304690,31,Medium,New York,Medium Risk,624,27592.18
CUST_0628,2021-10-24 06:54:59.304692,25,Low,Florida,Low Risk,424,25789.37
CUST_0629,2020-06-18 06:54:59.304695,54,High,New York,Medium Risk,330,53160.28
CUST_0630,2018-03-03 06:54:59.304698,39,High,Illinois,Low Risk,448,24942.95
CUST_0631,2017-06-17 06:54:59.304701,69,Low,Illinois,Medium Risk,665,34274.42
CUST_0632,2020-12-31 06:54:59.304704,33,Low,Texas,Medium Risk,633,27474.25
CUST_0633,2020-02-15 06:54:59.304706,55,Medium,New York,High Risk,508,20984.89
CUST_0634,2023-02-13 06:54:59.304709,61,High,Florida,High Risk,425,26315.69
CUST_0635,2018-04-27 06:54:59.304712,64,Low,Texas,Low Risk,596,30722.09
CUST_0636,2020-11-30 06:54:59.304714,52,High,Texas,Low Risk,671,9714.279999999999
CUST_0637,2020-06-16 06:54:59.304717,61,Medium,Illinois,High Risk,349,21946.3
CUST_0638,2015-03-11 06:54:59.304720,74,Low,Texas,Medium Risk,396,27173.13
CUST_0639,2019-04-12 06:54:59.304723,40,High,New York,Medium Risk,748,26169.81
CUST_0640,2019-07-19 06:54:59.304726,28,Medium,California,Low Risk,535,28938.56
CUST_0641,2019-07-21 06:54:59.304728,73,Low,Illinois,High Risk,316,27191.22
CUST_0642,2023-02-26 06:54:59.304731,75,Medium,Texas,Low Risk,765,13084.960000000001
CUST_0643,2022-01-07 06:54:59.304733,27,High,New York,Low Risk,787,14791.84
CUST_0644,2016-08-31 06:54:59.304736,39,Low,Texas,Low Risk,367,21661.0
CUST_0645,2022-06-05 06:54:59.304739,72,High,New York,High Risk,543,17669.13
CUST_0646,2021-03-05 06:54:59.304742,65,High,Illinois,Low Risk,377,29029.7
CUST_0647,2020-08-20 06:54:59.304745,70,High,California,Low Risk,509,21123.69
CUST_0648,2015-09-04 06:54:59.304747,18,Low,Florida,High Risk,512,20381.15
CUST_0649,2020-02-09 06:54:59.304750,55,Medium,Illinois,Low Risk,502,25086.11
CUST_0650,2023-03-26 06:54:59.304753,70,High,Illinois,Low Risk,664,41791.28
CUST_0651,2023-06-14 06:54:59.304755,21,Medium,Texas,Medium Risk,680,25728.09
CUST_0652,2018-06-16 06:54:59.304758,54,Medium,California,Medium Risk,307,13782.26
CUST_0653,2019-03-03 06:54:59.304761,27,Low,Florida,Low Risk,604,21223.24
CUST_0654,2022-04-10 06:54:59.304764,40,Low,Texas,High Risk,586,33036.04
CUST_0655,2018-05-04 06:54:59.304766,41,High,Illinois,High Risk,309,16875.04
CUST_0656,2017-02-07 06:54:59.304769,36,Medium,California,Medium Risk,647,24842.64
CUST_0657,2015-10-24 06:54:59.304772,58,Medium,Florida,Low Risk,360,17892.96
CUST_0658,2022-12-09 06:54:59.304775,36,Low,New York,High Risk,652,25945.95
CUST_0659,2016-04-20 06:54:59.304777,38,Medium,Texas,High Risk,468,18239.06
CUST_0660,2016-01-08 06:54:59.304780,49,Medium,Florida,High Risk,720,32130.13
CUST_0661,2022-02-26 06:54:59.304783,68,Low,California,High Risk,380,21676.11
CUST_0662,2019-11-25 06:54:59.304785,43,High,California,Low Risk,743,18936.08
CUST_0663,2019-03-30 06:54:59.304788,56,Medium,California,High Risk,448,41772.2
CUST_0664,2023-06-17 06:54:59.304791,45,Low,California,Low Risk,766,19033.29
CUST_0665,2016-12-29 06:54:59.304793,28,Low,New York,Low Risk,787,25866.03
CUST_0666,2018-08-17 06:54:59.304796,18,High,New York,Low Risk,849,19054.11
CUST_0667,2019-07-09 06:54:59.304799,68,High,Florida,Low Risk,621,28109.89
CUST_0668,2018-09-16 06:54:59.304802,27,High,Florida,Medium Risk,313,36071.01
CUST_0669,2023-04-30 06:54:59.304804,54,Low,Florida,Low Risk,683,30878.269999999997
CUST_0670,2022-09-19 06:54:59.304807,20,High,New York,High Risk,323,29221.14
CUST_0671,2018-07-29 06:54:59.304810,46,Medium,New York,Low Risk,384,40888.99
CUST_0672,2015-02-16 06:54:59.304819,26,Low,Texas,Medium Risk,776,23293.71
CUST_0673,2022-02-26 06:54:59.304822,39,Low,Texas,Medium Risk,797,18656.170000000002
CUST_0674,2023-08-18 06:54:59.304826,18,Low,New York,High Risk,307,19591.49
CUST_0675,2023-06-29 06:54:59.304829,64,Medium,Illinois,High Risk,553,21695.07
CUST_0676,2017-02-22 06:54:59.304831,48,Medium,Illinois,Low Risk,839,19745.73
CUST_0677,2016-12-06 06:54:59.304834,60,High,Illinois,High Risk,359,23575.2
CUST_0678,2022-05-14 06:54:59.304837,70,Low,New York,Medium Risk,411,25941.25
CUST_0679,2016-10-15 06:54:59.304840,60,High,Florida,Low Risk,687,19215.83
CUST_0680,2020-03-22 06:54:59.304843,67,High,Illinois,High Risk,401,25749.559999999998
CUST_0681,2022-09-03 06:54:59.304846,34,Medium,California,Medium Risk,719,27366.4
CUST_0682,2016-01-02 06:54:59.304848,65,Low,Illinois,High Risk,430,21161.39
CUST_0683,2017-09-11 06:54:59.304851,57,Low,New York,High Risk,788,30895.04
CUST_0684,2016-07-29 06:54:59.304854,30,Low,Florida,Medium Risk,611,11117.61
CUST_0685,2019-12-20 06:54:59.304856,22,Low,New York,Low Risk,695,29324.92
CUST_0686,2021-09-01 06:54:59.304859,53,Medium,California,Low Risk,305,19742.09
CUST_0687,2019-07-22 06:54:59.304862,45,Low,New York,Low Risk,844,24104.34
CUST_0688,2015-01-26 06:54:59.304865,35,Low,New York,Medium Risk,332,21526.35
CUST_0689,2015-02-23 06:54:59.304868,71,Low,Florida,Medium Risk,522,20062.1
CUST_0690,2015-02-19 06:54:59.304870,29,High,California,High Risk,470,18260.62
CUST_0691,2018-05-10 06:54:59.304873,51,Medium,Florida,Low Risk,481,32939.25
CUST_0692,2022-08-11 06:54:59.304876,28,High,Florida,Low Risk,773,27243.81
CUST_0693,2023-03-07 06:54:59.304879,22,High,Illinois,Medium Risk,482,35070.48
CUST_0694,2017-01-04 06:54:59.304881,60,Low,Florida,Medium Risk,763,30341.420000000002
CUST_0695,2015-12-30 06:54:59.304884,58,Medium,Illinois,Medium Risk,495,16228.73
CUST_0696,2018-08-13 06:54:59.304887,28,High,Texas,Low Risk,311,39850.2
CUST_0697,2016-12-18 06:54:59.304889,55,Medium,New York,Medium Risk,817,27205.43
CUST_0698,2016-10-06 06:54:59.304892,25,Low,California,Medium Risk,346,5221.29
CUST_0699,2020-01-25 06:54:59.304895,50,Low,California,High Risk,821,14668.48
CUST_0700,2016-07-23 06:54:59.304898,58,High,Illinois,High Risk,781,30641.29
CUST_0701,2022-06-17 06:54:59.304901,68,Low,Texas,Medium Risk,796,33490.56
CUST_0702,2016-03-14 06:54:59.304903,52,High,California,Low Risk,697,12955.16
CUST_0703,2015-11-08 06:54:59.304906,56,High,Florida,High Risk,574,31882.02
CUST_0704,2016-11-17 06:54:59.304909,42,High,Illinois,Low Risk,764,37373.8
CUST_0705,2020-07-13 06:54:59.304911,66,High,New York,High Risk,646,24983.11
CUST_0706,2015-01-05 06:54:59.304914,45,High,Illinois,Medium Risk,401,27242.059999999998
CUST_0707,2022-06-06 06:54:59.304917,35,High,Florida,Low Risk,474,19535.98
CUST_0708,2019-07-05 06:54:59.304920,37,Low,Illinois,High Risk,341,8581.07
CUST_0709,2014-11-21 06:54:59.304924,36,Low,Florida,High Risk,758,6761.28
CUST_0710,2020-07-23 06:54:59.304926,18,Medium,New York,Low Risk,796,18829.12
CUST_0711,2015-06-29 06:54:59.304929,45,Low,Florida,High Risk,791,25418.57
CUST_0712,2016-03-20 06:54:59.304932,67,Medium,California,Medium Risk,573,19522.31
CUST_0713,2022-06-29 06:54:59.304935,70,Medium,Illinois,Medium Risk,734,14761.17
CUST_0714,2018-01-13 06:54:59.304938,63,Low,Illinois,Medium Risk,530,31768.29
CUST_0715,2015-01-17 06:54:59.304940,35,Low,Illinois,Medium Risk,347,23799.77
CUST_0716,2021-09-25 06:54:59.304943,34,Low,Florida,Low Risk,332,17430.08
CUST_0717,2023-06-05 06:54:59.304946,52,High,California,Medium Risk,635,14457.15
CUST_0718,2015-01-31 06:54:59.304948,51,Low,Illinois,High Risk,691,18595.28
CUST_0719,2019-06-17 06:54:59.304951,53,High,Illinois,High Risk,797,33990.340000000004
CUST_0720,2018-11-14 06:54:59.304954,38,High,Florida,High Risk,541,43105.2
CUST_0721,2019-09-09 06:54:59.304957,39,High,New York,Medium Risk,323,28920.41
CUST_0722,2015-05-15 06:54:59.304960,30,Medium,New York,Low Risk,847,42287.520000000004
CUST_0723,2021-09-19 06:54:59.304962,63,Low,Texas,Low Risk,504,14359.890000000001
CUST_0724,2018-09-30 06:54:59.304965,68,Medium,Texas,High Risk,642,24513.12
CUST_0725,2019-11-09 06:54:59.304968,45,Medium,Texas,High Risk,498,10672.79
CUST_0726,2014-12-31 06:54:59.304970,68,Medium,Illinois,High Risk,459,32188.57
CUST_0727,2016-10-07 06:54:59.304973,27,High,Florida,Low Risk,601,19893.35
CUST_0728,2023-01-04 06:54:59.304976,72,High,California,High Risk,846,30355.18
CUST_0729,2023-05-10 06:54:59.304979,18,Low,New York,Low Risk,849,36899.3
CUST_0730,2023-05-29 06:54:59.304981,66,Low,Florida,Medium Risk,486,28885.16
CUST_0731,2018-05-27 06:54:59.304984,50,Low,California,Low Risk,747,31877.8
CUST_0732,2020-12-27 06:54:59.304987,27,Low,Illinois,High Risk,408,30000.42
CUST_0733,2023-07-22 06:54:59.304990,68,High,California,High Risk,562,18250.1
CUST_0734,2018-01-08 06:54:59.304992,60,Medium,Texas,High Risk,692,12351.619999999999
CUST_0735,2016-05-18 06:54:59.304995,62,Low,New York,Low Risk,522,35089.1
CUST_0736,2017-06-21 06:54:59.304998,68,Medium,Illinois,Low Risk,364,16009.810000000001
CUST_0737,2017-06-10 06:54:59.305001,54,Medium,Florida,Medium Risk,678,23106.02
CUST_0738,2021-06-07 06:54:59.305004,42,High,Florida,Medium Risk,706,13115.09
CUST_0739,2021-04-12 06:54:59.305006,41,High,Illinois,Low Risk,452,36198.14
CUST_0740,2022-10-22 06:54:59.305009,47,Low,Texas,Low Risk,721,39297.78
CUST_0741,2015-02-24 06:54:59.305012,20,Medium,Texas,High Risk,848,13181.869999999999
CUST_0742,2016-10-26 06:54:59.305015,53,Medium,Texas,High Risk,801,30648.829999999998
CUST_0743,2015-02-11 06:54:59.305018,44,Low,Florida,Low Risk,406,22404.87
CUST_0744,2018-03-22 06:54:59.305020,58,Low,California,High Risk,570,28204.91
CUST_0745,2016-01-08 06:54:59.305023,57,High,Illinois,Medium Risk,732,37462.9
CUST_0746,2017-12-24 06:54:59.305026,69,Medium,California,High Risk,665,19985.32
CUST_0747,2019-02-22 06:54:59.305029,69,High,Florida,Medium Risk,675,21336.2
CUST_0748,2018-03-02 06:54:59.305031,66,Medium,New York,High Risk,708,30331.39
CUST_0749,2020-06-06 06:54:59.305034,32,High,California,High Risk,664,14414.61
CUST_0750,2022-08-01 06:54:59.305037,75,Low,Texas,Medium Risk,721,20682.65
CUST_0751,2022-03-22 06:54:59.305039,19,Medium,Illinois,Low Risk,567,29566.2
CUST_0752,2019-01-29 06:54:59.305042,41,High,Florida,Low Risk,307,35575.37
CUST_0753,2017-07-04 06:54:59.305045,51,High,Florida,High Risk,513,16612.25
CUST_0754,2019-02-14 06:54:59.305048,28,Low,Florida,Medium Risk,768,27053.12
CUST_0755,2022-11-29 06:54:59.305051,61,Medium,Illinois,High Risk,675,25543.32
CUST_0756,2022-09-05 06:54:59.305053,30,Medium,Florida,Low Risk,519,26487.09
CUST_0757,2019-03-12 06:54:59.305060,58,Medium,Florida,Medium Risk,394,23608.12
CUST_0758,2023-02-24 06:54:59.305063,40,Medium,Illinois,Medium Risk,624,42027.61
CUST_0759,2022-09-28 06:54:59.305066,58,Low,Florida,High Risk,312,12162.83
CUST_0760,2019-03-14 06:54:59.305069,62,High,New York,Medium Risk,684,21426.1
CUST_0761,2015-03-06 06:54:59.305071,49,High,Illinois,High Risk,728,28308.73
CUST_0762,2022-02-07 06:54:59.305076,19,Medium,New York,Low Risk,508,31397.27
CUST_0763,2015-08-15 06:54:59.305079,64,Medium,Florida,Medium Risk,735,32029.19
CUST_0764,2023-07-06 06:54:59.305082,65,Medium,Texas,Medium Risk,554,19494.61
CUST_0765,2014-12-24 06:54:59.305085,33,Medium,California,Low Risk,729,15421.7
CUST_0766,2018-11-05 06:54:59.305088,54,High,New York,Low Risk,625,21941.91
CUST_0767,2019-01-08 06:54:59.305091,75,Medium,Texas,Low Risk,418,14286.77
CUST_0768,2016-02-27 06:54:59.305093,33,High,Illinois,Low Risk,317,14098.03
CUST_0769,2019-03-06 06:54:59.305096,35,High,Illinois,Low Risk,512,20645.910000000003
CUST_0770,2023-07-08 06:54:59.305100,29,High,Florida,Medium Risk,605,38232.18
CUST_0771,2018-04-14 06:54:59.305103,66,Low,Florida,Low Risk,376,16751.95
CUST_0772,2020-03-19 06:54:59.305106,44,Low,California,Low Risk,519,27685.88
CUST_0773,2015-10-02 06:54:59.305109,22,Medium,New York,High Risk,609,25454.31
CUST_0774,2021-01-08 06:54:59.305111,54,Medium,Illinois,Low Risk,387,21492.620000000003
CUST_0775,2022-12-22 06:54:59.305114,46,High,Illinois,Medium Risk,509,16082.61
CUST_0776,2019-11-26 06:54:59.305117,33,Medium,New York,Low Risk,463,10598.41
CUST_0777,2023-01-24 06:54:59.305120,65,High,Illinois,High Risk,541,22094.13
CUST_0778,2022-06-29 06:54:59.305123,63,High,Florida,Low Risk,744,24847.329999999998
CUST_0779,2019-10-29 06:54:59.305125,46,Medium,New York,Medium Risk,633,26339.100000000002
CUST_0780,2016-02-05 06:54:59.305128,73,High,New York,High Risk,600,42682.58
CUST_0781,2023-07-11 06:54:59.305131,50,Medium,New York,Medium Risk,460,30865.76
CUST_0782,2019-12-25 06:54:59.305133,75,Medium,California,Low Risk,546,13565.4
CUST_0783,2019-12-15 06:54:59.305136,69,Medium,Illinois,Low Risk,833,33358.1
CUST_0784,2021-11-10 06:54:59.305139,69,Medium,Texas,Medium Risk,805,25169.87
CUST_0785,2023-09-29 06:54:59.305142,63,Medium,Texas,Medium Risk,307,24182.49
CUST_0786,2021-04-08 06:54:59.305145,24,Low,Texas,Medium Risk,434,20514.04
CUST_0787,2019-10-02 06:54:59.305147,30,High,Texas,Medium Risk,797,24412.99
CUST_0788,2023-01-24 06:54:59.305150,28,High,California,Low Risk,367,27476.3
CUST_0789,2017-03-01 06:54:59.305153,46,Medium,California,Low Risk,303,18737.120000000003
CUST_0790,2022-04-01 06:54:59.305156,22,Low,California,Low Risk,615,22276.57
CUST_0791,2021-07-10 06:54:59.305158,45,Low,California,Medium Risk,753,34804.98
CUST_0792,2023-10-26 06:54:59.305161,58,Low,Florida,High Risk,574,42111.36
CUST_0793,2021-07-23 06:54:59.305164,43,Low,New York,Medium Risk,502,28276.39
CUST_0794,2016-06-18 06:54:59.305166,35,High,Illinois,High Risk,827,14533.59
CUST_0795,2016-04-19 06:54:59.305169,34,Low,Texas,High Risk,443,22196.79
CUST_0796,2015-08-24 06:54:59.305172,45,High,Texas,High Risk,648,35153.05
CUST_0797,2022-06-22 06:54:59.305174,74,High,Texas,Low Risk,612,38845.79
CUST_0798,2015-06-20 06:54:59.305177,66,Low,Florida,High Risk,439,27053.239999999998
CUST_0799,2023-10-10 06:54:59.305180,67,Low,Florida,Medium Risk,489,28462.93
CUST_0800,2020-07-25 06:54:59.305183,40,High,Florida,High Risk,631,30383.65
CUST_0801,2019-09-19 06:54:59.305186,57,Medium,Illinois,Medium Risk,713,25837.43
CUST_0802,2016-02-14 06:54:59.305189,38,High,Texas,Medium Risk,602,30412.85
CUST_0803,2023-07-31 06:54:59.305191,23,Low,New York,High Risk,658,27929.1
CUST_0804,2017-01-26 06:54:59.305194,37,High,Florida,High Risk,761,21191.989999999998
CUST_0805,2021-03-30 06:54:59.305197,19,Low,Florida,Medium Risk,793,24183.190000000002
CUST_0806,2022-04-06 06:54:59.305199,49,Medium,New York,Medium Risk,724,28871.75
CUST_0807,2021-10-04 06:54:59.305202,18,High,Texas,Medium Risk,481,42670.87
CUST_0808,2018-10-06 06:54:59.305205,66,High,Illinois,Medium Risk,764,22868.08
CUST_0809,2022-08-05 06:54:59.305208,34,Low,Illinois,Low Risk,514,14342.51
CUST_0810,2018-07-05 06:54:59.305210,30,High,California,Low Risk,570,19877.8
CUST_0811,2019-12-29 06:54:59.305213,66,Medium,Texas,High Risk,729,12050.86
CUST_0812,2015-12-03 06:54:59.305216,43,Medium,Texas,Low Risk,747,31323.3
CUST_0813,2020-12-16 06:54:59.305218,42,Medium,Florida,Medium Risk,802,10880.36
CUST_0814,2022-05-24 06:54:59.305221,45,Medium,Florida,Low Risk,363,48265.63
CUST_0815,2023-07-17 06:54:59.305224,67,Medium,Texas,High Risk,650,20904.36
CUST_0816,2021-07-09 06:54:59.305227,58,High,New York,Low Risk,803,16961.98
CUST_0817,2019-10-17 06:54:59.305230,58,High,Texas,Low Risk,651,17614.63
CUST_0818,2020-02-05 06:54:59.305232,61,High,New York,Low Risk,350,15986.539999999999
CUST_0819,2018-07-19 06:54:59.305235,42,Low,California,High Risk,631,8789.89
CUST_0820,2020-07-28 06:54:59.305238,62,Medium,California,High Risk,806,30466.97
CUST_0821,2020-07-13 06:54:59.305241,74,Medium,New York,Low Risk,673,18295.77
CUST_0822,2017-08-26 06:54:59.305243,70,Low,New York,High Risk,749,24588.2
CUST_0823,2016-09-21 06:54:59.305246,20,High,Florida,Medium Risk,368,38918.28
CUST_0824,2020-03-09 06:54:59.305249,55,Low,Texas,Low Risk,395,26868.96
CUST_0825,2021-10-16 06:54:59.305252,47,Low,New York,Medium Risk,847,42827.79
CUST_0826,2017-03-15 06:54:59.305255,40,Low,Illinois,Low Risk,590,24313.42
CUST_0827,2022-12-13 06:54:59.305257,71,Medium,California,High Risk,602,34733.37
CUST_0828,2022-09-14 06:54:59.305260,54,Medium,Texas,Low Risk,746,15699.300000000001
CUST_0829,2017-11-15 06:54:59.305263,26,Medium,Florida,Medium Risk,649,18892.75
CUST_0830,2017-05-04 06:54:59.305265,54,Medium,New York,High Risk,766,32727.23
CUST_0831,2020-05-27 06:54:59.305268,63,High,Florida,Medium Risk,414,20965.86
CUST_0832,2022-02-06 06:54:59.305271,35,High,Illinois,High Risk,654,9841.08
CUST_0833,2019-08-19 06:54:59.305273,38,High,Texas,Low Risk,757,40470.11
CUST_0834,2022-03-17 06:54:59.305276,70,Low,Florida,Low Risk,722,21894.73
CUST_0835,2022-06-14 06:54:59.305279,19,High,Florida,High Risk,333,39211.020000000004
CUST_0836,2021-05-10 06:54:59.305282,43,Low,Illinois,Medium Risk,707,25583.61
CUST_0837,2020-04-24 06:54:59.305285,48,Medium,Florida,Low Risk,659,23110.37
CUST_0838,2018-02-25 06:54:59.305287,51,High,California,Low Risk,306,25767.53
CUST_0839,2021-02-17 06:54:59.305290,26,Medium,Texas,High Risk,662,23131.04
CUST_0840,2021-03-14 06:54:59.305293,20,Medium,California,Medium Risk,323,15949.380000000001
CUST_0841,2015-05-23 06:54:59.305296,23,Low,Texas,Medium Risk,781,23312.95
CUST_0842,2021-10-16 06:54:59.305298,54,High,Illinois,High Risk,816,17408.54
CUST_0843,2020-08-03 06:54:59.305301,73,High,New York,High Risk,735,10164.21
CUST_0844,2019-09-05 06:54:59.305304,40,Medium,Illinois,Medium Risk,525,19241.94
CUST_0845,2019-02-23 06:54:59.305307,41,High,Texas,High Risk,360,52801.73
CUST_0846,2016-06-01 06:54:59.305309,18,Medium,New York,High Risk,612,36906.22
CUST_0847,2023-05-03 06:54:59.305312,22,Low,Illinois,High Risk,827,27874.16
CUST_0848,2022-05-16 06:54:59.305315,30,High,New York,Medium Risk,849,27261.98
CUST_0849,2017-02-10 06:54:59.305318,63,Medium,New York,High Risk,499,23734.49
CUST_0850,2023-08-16 06:54:59.305320,25,Low,Texas,High Risk,522,13678.87
CUST_0851,2019-06-09 06:54:59.305323,60,High,Texas,Medium Risk,417,20655.37
CUST_0852,2022-12-24 06:54:59.305326,52,Medium,New York,High Risk,817,45236.03
CUST_0853,2015-12-24 06:54:59.305329,48,Low,Florida,Low Risk,714,26733.6
CUST_0854,2023-01-13 06:54:59.305331,20,High,Texas,High Risk,420,38495.92
CUST_0855,2022-05-17 06:54:59.305334,38,Low,Texas,Medium Risk,354,24034.49
CUST_0856,2019-02-21 06:54:59.305337,71,High,New York,High Risk,568,9650.11
CUST_0857,2020-06-30 06:54:59.305340,72,Low,California,Medium Risk,626,12921.380000000001
CUST_0858,2017-09-05 06:54:59.305343,19,Low,New York,High Risk,647,37705.54
CUST_0859,2019-03-07 06:54:59.305346,38,Low,Texas,Low Risk,352,31632.93
CUST_0860,2015-07-19 06:54:59.305349,43,High,California,Medium Risk,762,20848.98
CUST_0861,2022-04-05 06:54:59.305351,75,Medium,California,Medium Risk,452,22826.8
CUST_0862,2017-03-23 06:54:59.305356,26,Medium,Illinois,High Risk,820,26414.04
CUST_0863,2019-02-13 06:54:59.305359,66,Low,Florida,Low Risk,318,37579.08
CUST_0864,2020-07-06 06:54:59.305362,58,High,New York,High Risk,716,47960.74
CUST_0865,2016-09-16 06:54:59.305365,35,High,Florida,High Risk,556,12410.09
CUST_0866,2019-11-17 06:54:59.305367,44,High,Illinois,High Risk,793,31292.62
CUST_0867,2022-11-27 06:54:59.305370,60,High,California,High Risk,578,25883.14
CUST_0868,2021-01-26 06:54:59.305373,27,High,Florida,Medium Risk,845,47315.53
CUST_0869,2018-11-13 06:54:59.305375,56,Low,Florida,High Risk,528,13844.4
CUST_0870,2016-10-04 06:54:59.305379,27,High,Texas,Low Risk,600,36367.94
CUST_0871,2019-09-18 06:54:59.305381,43,High,Texas,High Risk,466,31000.98
CUST_0872,2016-09-16 06:54:59.305384,73,High,California,High Risk,552,30705.81
CUST_0873,2017-12-02 06:54:59.305387,37,Medium,Texas,Low Risk,505,19852.47
CUST_0874,2023-03-17 06:54:59.305390,50,High,California,Low Risk,802,20720.53
CUST_0875,2019-08-20 06:54:59.305392,21,Low,Texas,High Risk,548,12984.99
CUST_0876,2019-04-10 06:54:59.305395,28,High,Florida,Low Risk,549,38522.18
CUST_0877,2023-10-05 06:54:59.305398,26,Low,Illinois,Low Risk,577,21144.91
CUST_0878,2019-03-06 06:54:59.305400,75,High,New York,Low Risk,653,23428.25
CUST_0879,2015-09-09 06:54:59.305403,26,Medium,Illinois,Low Risk,492,18864.82
CUST_0880,2020-04-04 06:54:59.305406,48,Medium,Florida,Low Risk,633,19714.79
CUST_0881,2018-11-27 06:54:59.305409,63,Medium,Florida,Medium Risk,452,21060.2
CUST_0882,2021-07-26 06:54:59.305412,59,Low,New York,High Risk,364,22758.86
CUST_0883,2019-09-08 06:54:59.305414,63,Low,New York,Medium Risk,693,35073.82
CUST_0884,2020-07-25 06:54:59.305417,66,Low,New York,Low Risk,498,26257.93
CUST_0885,2018-07-29 06:54:59.305420,64,High,California,Low Risk,510,27307.87
CUST_0886,2022-11-01 06:54:59.305423,20,Low,California,High Risk,513,20473.51
CUST_0887,2021-10-10 06:54:59.305426,64,Low,Illinois,Low Risk,690,38495.5
CUST_0888,2014-12-03 06:54:59.305428,70,Medium,California,Low Risk,467,30224.55
CUST_0889,2022-08-21 06:54:59.305431,51,High,New York,Low Risk,797,7362.38
CUST_0890,2020-09-30 06:54:59.305434,20,High,Illinois,Low Risk,608,27707.26
CUST_0891,2022-08-06 06:54:59.305437,70,Low,Florida,High Risk,381,22085.23
CUST_0892,2017-08-05 06:54:59.305440,53,High,Illinois,Medium Risk,397,22431.54
CUST_0893,2017-01-23 06:54:59.305443,62,Low,Texas,Medium Risk,615,32016.8
CUST_0894,2016-02-20 06:54:59.305446,65,Medium,New York,Medium Risk,523,24679.6
CUST_0895,2022-02-16 06:54:59.305448,62,Medium,Texas,Medium Risk,329,31372.91
CUST_0896,2014-12-06 06:54:59.305451,58,High,Texas,Medium Risk,355,21383.92
CUST_0897,2015-12-23 06:54:59.305454,42,Low,California,Low Risk,657,24585.91
CUST_0898,2018-11-07 06:54:59.305457,29,Medium,New York,Low Risk,389,37030.93
CUST_0899,2019-05-20 06:54:59.305459,40,High,California,Medium Risk,760,9320.76
CUST_0900,2021-10-10 06:54:59.305462,69,Low,California,Medium Risk,597,14099.81
CUST_0901,2015-03-31 06:54:59.305465,55,Medium,California,Low Risk,619,20743.559999999998
CUST_0902,2019-02-15 06:54:59.305467,70,Medium,Florida,Medium Risk,804,28149.27
CUST_0903,2019-01-05 06:54:59.305470,23,Medium,New York,Medium Risk,685,21289.97
CUST_0904,2021-11-23 06:54:59.305473,23,High,California,Medium Risk,582,24326.45
CUST_0905,2021-01-27 06:54:59.305475,53,Medium,Florida,Low Risk,527,9004.59
CUST_0906,2018-10-08 06:54:59.305478,29,High,California,High Risk,680,33603.14
CUST_0907,2020-01-14 06:54:59.305481,70,High,Illinois,High Risk,843,15747.98
CUST_0908,2017-12-26 06:54:59.305484,34,High,Illinois,Low Risk,411,45328.82
CUST_0909,2022-04-04 06:54:59.305486,30,Low,New York,Medium Risk,632,15701.039999999999
CUST_0910,2019-11-14 06:54:59.305489,69,High,Florida,High Risk,702,19821.84
CUST_0911,2018-09-01 06:54:59.305491,34,High,Florida,Medium Risk,678,28148.41
CUST_0912,2016-10-09 06:54:59.305494,38,Low,New York,High Risk,421,24432.64
CUST_0913,2016-09-15 06:54:59.305497,62,High,Texas,High Risk,847,21194.42
CUST_0914,2022-11-19 06:54:59.305499,63,Low,Texas,Medium Risk,449,13663.380000000001
CUST_0915,2018-06-08 06:54:59.305502,34,Low,California,High Risk,786,12668.210000000001
CUST_0916,2015-05-22 06:54:59.305505,68,High,Florida,High Risk,693,12762.66
CUST_0917,2021-07-27 06:54:59.305507,34,High,Illinois,Low Risk,839,27653.32
CUST_0918,2020-07-19 06:54:59.305510,51,Medium,Illinois,Low Risk,658,27721.52
CUST_0919,2023-11-01 06:54:59.305513,47,Low,New York,Medium Risk,573,30399.02
CUST_0920,2016-01-06 06:54:59.305515,27,Low,California,Medium Risk,846,36062.05
CUST_0921,2018-10-26 06:54:59.305518,66,Medium,New York,Low Risk,452,18651.41
CUST_0922,2016-11-30 06:54:59.305521,75,Low,Texas,High Risk,439,36598.03
CUST_0923,2018-09-03 06:54:59.305523,46,Medium,Florida,Medium Risk,377,22645.28
CUST_0924,2023-10-08 06:54:59.305526,53,Low,Florida,High Risk,457,32009.75
CUST_0925,2021-05-27 06:54:59.305528,27,High,New York,High Risk,395,26234.41
CUST_0926,2020-07-04 06:54:59.305531,20,Low,New York,High Risk,563,19253.489999999998
CUST_0927,2022-07-28 06:54:59.305533,58,Low,Florida,Medium Risk,345,27170.78
CUST_0928,2015-03-27 06:54:59.305536,55,Low,Illinois,High Risk,525,34744.91
CUST_0929,2016-10-19 06:54:59.305539,29,High,Florida,High Risk,817,7695.43
CUST_0930,2020-06-23 06:54:59.305542,59,High,New York,Low Risk,664,5737.09
CUST_0931,2017-09-27 06:54:59.305545,50,Medium,New York,Medium Risk,698,24698.010000000002
CUST_0932,2017-01-08 06:54:59.305548,20,High,Texas,Low Risk,656,39847.24
CUST_0933,2022-02-07 06:54:59.305550,75,Low,California,Medium Risk,408,22863.91
CUST_0934,2019-02-05 06:54:59.305553,66,Low,Florida,Medium Risk,815,19941.29
CUST_0935,2015-12-08 06:54:59.305556,38,High,California,Low Risk,781,37591.19
CUST_0936,2015-06-06 06:54:59.305558,70,Low,Illinois,High Risk,325,20883.79
CUST_0937,2018-07-27 06:54:59.305561,22,Low,Illinois,High Risk,507,14735.240000000002
CUST_0938,2022-10-25 06:54:59.305563,30,Medium,Texas,Medium Risk,720,28838.56
CUST_0939,2016-04-01 06:54:59.305566,59,Low,Florida,Low Risk,321,26516.53
CUST_0940,2018-04-10 06:54:59.305569,68,Medium,Florida,Medium Risk,722,10967.439999999999
CUST_0941,2015-05-01 06:54:59.305572,47,Low,Florida,High Risk,735,25128.16
CUST_0942,2021-04-01 06:54:59.305575,57,Low,Florida,Low Risk,549,17360.879999999997
CUST_0943,2017-10-03 06:54:59.305577,33,Medium,Texas,Low Risk,407,18942.670000000002
CUST_0944,2015-04-23 06:54:59.305580,69,Medium,Illinois,Low Risk,382,28427.4
CUST_0945,2019-04-23 06:54:59.305583,47,Low,New York,High Risk,645,17859.04
CUST_0946,2020-09-17 06:54:59.305586,51,Low,New York,High Risk,725,28223.67
CUST_0947,2016-10-07 06:54:59.305588,28,Medium,Florida,Low Risk,844,13967.41
CUST_0948,2023-08-12 06:54:59.305591,63,Medium,California,Low Risk,613,25669.34
CUST_0949,2022-07-02 06:54:59.305594,39,Medium,Texas,Medium Risk,519,21479.34
CUST_0950,2020-10-28 06:54:59.305596,59,Medium,Illinois,High Risk,805,32321.47
CUST_0951,2016-05-10 06:54:59.305599,26,Low,California,Low Risk,772,37565.29
CUST_0952,2023-05-26 06:54:59.305602,48,Low,Florida,High Risk,476,15323.38
CUST_0953,2023-11-07 06:54:59.305605,67,Medium,Illinois,Medium Risk,593,16836.510000000002
CUST_0954,2020-12-23 06:54:59.305608,53,High,Florida,High Risk,833,11955.71
CUST_0955,2019-05-22 06:54:59.305611,21,Medium,New York,Low Risk,780,31380.1
CUST_0956,2017-12-15 06:54:59.305613,52,Low,Texas,Medium Risk,672,33452.69
CUST_0957,2017-05-01 06:54:59.305616,23,Low,Florida,Medium Risk,400,20221.25
CUST_0958,2015-11-22 06:54:59.305619,70,Low,Illinois,High Risk,301,25739.66
CUST_0959,2019-05-31 06:54:59.305622,51,Medium,Texas,High Risk,648,22848.43
CUST_0960,2018-11-13 06:54:59.305625,39,Medium,New York,Low Risk,655,38855.04
CUST_0961,2022-09-17 06:54:59.305627,18,Medium,California,High Risk,770,22226.27
CUST_0962,2015-06-26 06:54:59.305630,70,Medium,Texas,Medium Risk,454,15836.09
CUST_0963,2021-01-08 06:54:59.305633,67,Medium,Illinois,High Risk,844,34312.45
CUST_0964,2019-11-20 06:54:59.305636,23,Medium,New York,High Risk,580,24320.59
CUST_0965,2020-09-04 06:54:59.305638,24,Medium,Illinois,High Risk,352,24512.74
CUST_0966,2015-05-21 06:54:59.305641,45,High,Texas,Medium Risk,364,32352.77
CUST_0967,2016-04-24 06:54:59.305644,56,Medium,New York,Medium Risk,762,10172.19
CUST_0968,2021-08-28 06:54:59.305646,40,High,Florida,Low Risk,485,17592.39
CUST_0969,2017-03-06 06:54:59.305649,54,High,New York,Low Risk,805,14458.55
CUST_0970,2022-11-24 06:54:59.305652,46,High,New York,High Risk,608,34998.87
CUST_0971,2023-06-16 06:54:59.305655,39,Medium,California,Low Risk,822,26014.78
CUST_0972,2023-01-24 06:54:59.305658,71,Medium,Texas,Medium Risk,455,20974.33
CUST_0973,2014-12-20 06:54:59.305660,42,High,Florida,Low Risk,463,22987.9
CUST_0974,2020-11-28 06:54:59.305673,50,Low,Illinois,Low Risk,372,23399.54
CUST_0975,2020-06-05 06:54:59.305676,41,Medium,Texas,Low Risk,546,20975.36
CUST_0976,2017-11-14 06:54:59.305679,71,High,Florida,Low Risk,813,29599.83
CUST_0977,2020-01-16 06:54:59.305682,73,Medium,Texas,Low Risk,465,20354.37
CUST_0978,2022-07-12 06:54:59.305685,58,Medium,Texas,High Risk,771,32330.04
CUST_0979,2017-11-28 06:54:59.305687,25,Low,Florida,Low Risk,338,26763.039999999997
CUST_0980,2021-01-22 06:54:59.305691,26,Low,California,High Risk,423,16030.76
CUST_0981,2015-04-23 06:54:59.305694,38,Low,California,High Risk,829,16475.52
CUST_0982,2022-01-08 06:54:59.305891,19,Medium,Florida,Low Risk,660,22198.46
CUST_0983,2023-02-03 06:54:59.305899,29,Medium,Florida,Medium Risk,643,18897.079999999998
CUST_0984,2019-03-15 06:54:59.305903,64,Medium,New York,Low Risk,737,18713.93
CUST_0985,2020-08-09 06:54:59.305905,26,Medium,New York,Low Risk,658,24785.45
CUST_0986,2020-09-06 06:54:59.305908,19,Low,Texas,Low Risk,532,11850.960000000001
CUST_0987,2018-01-09 06:54:59.305911,39,Low,Illinois,Low Risk,415,32981.89
CUST_0988,2022-05-07 06:54:59.305913,74,Medium,California,High Risk,720,31245.120000000003
CUST_0989,2017-06-01 06:54:59.305916,56,High,New York,Low Risk,797,16397.2
CUST_0990,2017-12-27 06:54:59.305920,30,Low,New York,Medium Risk,825,25659.13
CUST_0991,2016-10-27 06:54:59.305923,20,Low,Texas,Medium Risk,391,20921.149999999998
CUST_0992,2021-06-30 06:54:59.305926,44,Medium,Texas,Medium Risk,778,35107.43
CUST_0993,2017-11-23 06:54:59.305929,59,High,Florida,Low Risk,610,27263.37
CUST_0994,2022-09-03 06:54:59.305932,21,High,Texas,Medium Risk,331,16896.85
CUST_0995,2019-04-01 06:54:59.305934,62,Low,Florida,Low Risk,649,22951.68
CUST_0996,2016-09-26 06:54:59.305937,37,Medium,Illinois,Low Risk,790,25551.190000000002
CUST_0997,2017-10-04 06:54:59.305940,68,Low,California,Low Risk,421,16858.739999999998
CUST_0998,2019-05-01 06:54:59.305942,42,Medium,Florida,Medium Risk,606,14927.32
CUST_0999,2015-07-17 06:54:59.305945,21,High,California,Low Risk,405,24120.01
CUST_1000,2015-02-15 06:54:59.305948,56,High,California,Medium Risk,680,34313.44
