CustomerID,TransactionType,EngagementLevel,RFM_Score,Income,Age,CreditScore,Mortgage,Personal_Loan,Credit_Card,Exited,TransactionYear,TransactionMonth,TransactionDay,Income_Level,Age_Group,Current_Product_Count
CUST0001,Approval,High,45,118702,50,489,1,1,1,0,2024,6,15,0,0,1.2898297813919548
CUST0002,Follow-Up,High,67,30540,33,326,1,1,1,1,2024,7,14,1,0,1.2898297813919548
CUST0003,Approval,High,67,112141,32,573,1,0,1,1,2024,1,21,0,0,0.03513155046592876
CUST0004,Approval,Low,93,62613,39,536,1,1,1,0,2024,5,31,2,0,1.2898297813919548
CUST0005,Approval,Low,34,59657,53,537,1,1,1,0,2024,1,20,2,1,1.2898297813919548
CUST0006,Inquiry,High,22,75134,35,536,0,1,0,0,2024,1,9,2,0,-1.2195666804600973
CUST0007,Approval,Low,48,70906,31,326,1,1,0,0,2023,12,2,2,0,0.03513155046592876
CUST0008,Follow-Up,Medium,17,46899,38,667,1,1,0,1,2024,5,30,2,0,0.03513155046592876
CUST0009,Follow-Up,High,96,43462,57,381,1,1,1,0,2024,7,12,2,1,1.2898297813919548
CUST0010,Follow-Up,Medium,100,80272,50,788,0,1,0,1,2024,6,9,0,0,-1.2195666804600973
CUST0011,Follow-Up,Medium,35,95973,46,437,0,0,1,0,2024,8,29,0,0,-1.2195666804600973
CUST0012,Approval,Low,94,107158,60,814,0,0,1,1,2023,12,8,0,1,-1.2195666804600973
CUST0013,Follow-Up,Low,16,70123,64,780,1,0,1,1,2024,2,18,2,1,0.03513155046592876
CUST0014,Follow-Up,High,99,51891,28,682,1,1,1,0,2024,7,20,2,2,1.2898297813919548
CUST0015,Approval,Medium,4,38557,35,488,0,1,1,0,2024,4,13,1,0,0.03513155046592876
CUST0016,Approval,Low,43,35992,49,696,1,0,1,0,2024,6,10,1,0,0.03513155046592876
CUST0017,Inquiry,Medium,55,69085,65,803,0,1,1,0,2024,6,23,2,1,0.03513155046592876
CUST0018,Approval,Low,35,68119,25,785,1,0,1,0,2024,10,10,2,2,0.03513155046592876
CUST0019,Approval,Medium,68,89759,30,440,0,1,1,0,2024,1,30,0,2,0.03513155046592876
CUST0020,Inquiry,High,9,98195,34,467,0,1,1,0,2024,1,13,0,0,0.03513155046592876
CUST0021,Inquiry,Low,34,108167,55,497,1,1,1,0,2024,8,13,0,1,1.2898297813919548
CUST0022,Approval,High,92,98697,63,531,1,0,1,0,2023,12,26,0,1,0.03513155046592876
CUST0023,Inquiry,Medium,74,74280,52,333,1,1,0,0,2023,11,29,2,1,0.03513155046592876
CUST0024,Follow-Up,Medium,81,86841,30,718,1,0,0,0,2024,4,6,0,2,-1.2195666804600973
CUST0025,Approval,High,10,47536,29,315,0,1,0,0,2024,1,31,2,2,-1.2195666804600973
CUST0026,Inquiry,Medium,64,74922,41,576,0,0,1,1,2024,3,2,2,0,-1.2195666804600973
CUST0027,Inquiry,Low,59,94248,39,722,0,1,0,0,2024,10,17,0,0,-1.2195666804600973
CUST0028,Inquiry,Low,66,77087,48,527,1,0,0,0,2024,5,18,2,0,-1.2195666804600973
CUST0029,Inquiry,Medium,47,54697,30,507,1,1,1,0,2023,12,17,2,2,1.2898297813919548
CUST0030,Approval,Medium,8,51611,63,509,1,0,1,0,2023,12,3,2,1,0.03513155046592876
CUST0031,Inquiry,Medium,64,82873,27,367,0,1,1,0,2024,4,29,0,2,0.03513155046592876
CUST0032,Inquiry,Medium,73,32506,49,481,1,0,1,0,2024,2,16,1,0,0.03513155046592876
CUST0033,Inquiry,Low,22,59939,50,749,1,0,1,0,2024,5,31,2,0,0.03513155046592876
CUST0034,Follow-Up,Low,48,59402,64,801,1,0,0,1,2023,11,20,2,1,-1.2195666804600973
CUST0035,Follow-Up,Medium,21,47197,58,632,1,1,1,1,2024,4,11,2,1,1.2898297813919548
CUST0036,Approval,High,33,57681,43,768,1,1,1,1,2024,4,15,2,0,1.2898297813919548
CUST0037,Approval,High,99,32872,63,552,1,1,1,0,2024,8,26,1,1,1.2898297813919548
CUST0038,Follow-Up,Low,14,107292,28,737,1,0,1,0,2024,6,10,0,2,0.03513155046592876
CUST0039,Follow-Up,High,74,96143,36,714,1,1,0,0,2024,5,2,0,0,0.03513155046592876
CUST0040,Inquiry,Medium,87,52149,65,342,0,1,0,0,2024,8,8,2,1,-1.2195666804600973
CUST0041,Inquiry,High,93,46143,56,689,1,1,0,0,2024,2,9,2,1,0.03513155046592876
CUST0042,Follow-Up,Low,15,78049,53,620,0,1,0,0,2024,3,13,2,1,-1.2195666804600973
CUST0043,Approval,Medium,30,115267,25,703,1,1,0,0,2024,7,10,0,2,0.03513155046592876
CUST0044,Follow-Up,Medium,95,34897,37,849,1,1,1,1,2024,7,18,1,0,1.2898297813919548
CUST0045,Approval,Low,66,79177,58,837,0,0,1,0,2024,6,10,2,1,-1.2195666804600973
CUST0046,Follow-Up,High,1,113928,43,339,1,1,1,0,2023,11,14,0,0,1.2898297813919548
CUST0047,Inquiry,Low,6,63526,37,833,1,0,0,0,2024,8,29,2,0,-1.2195666804600973
CUST0048,Approval,Low,2,100088,27,411,0,1,0,0,2024,3,18,0,2,-1.2195666804600973
CUST0049,Inquiry,High,32,111675,63,762,1,1,1,0,2024,10,12,0,1,1.2898297813919548
CUST0050,Follow-Up,Medium,6,36368,57,767,1,0,1,0,2024,1,28,1,1,0.03513155046592876
CUST0051,Approval,High,61,107846,58,343,1,1,1,1,2024,4,13,0,1,1.2898297813919548
CUST0052,Approval,High,47,36286,39,551,1,1,0,1,2024,4,11,1,0,0.03513155046592876
CUST0053,Approval,Medium,50,116765,64,831,1,0,1,1,2024,1,30,0,1,0.03513155046592876
CUST0054,Inquiry,Medium,20,44170,35,850,1,1,1,1,2024,2,13,2,0,1.2898297813919548
CUST0055,Follow-Up,Low,23,115664,27,705,1,1,0,0,2024,9,3,0,2,0.03513155046592876
CUST0056,Inquiry,High,5,32587,48,340,1,1,0,1,2024,4,26,1,0,0.03513155046592876
CUST0057,Approval,Medium,71,36322,40,696,0,0,1,0,2024,7,9,1,0,-1.2195666804600973
CUST0058,Inquiry,High,92,45176,25,828,1,1,1,0,2024,7,3,2,2,1.2898297813919548
CUST0059,Approval,High,95,84627,35,350,1,1,0,0,2024,7,29,0,0,0.03513155046592876
CUST0060,Inquiry,Medium,84,88237,30,494,1,1,1,0,2024,5,25,0,2,1.2898297813919548
CUST0061,Follow-Up,Medium,54,79840,42,598,1,1,1,0,2023,12,15,2,0,1.2898297813919548
CUST0062,Inquiry,High,29,46199,50,750,0,0,1,0,2024,10,1,2,0,-1.2195666804600973
CUST0063,Inquiry,Medium,42,101733,47,707,1,1,1,1,2024,3,25,0,0,1.2898297813919548
CUST0064,Inquiry,High,32,63126,50,611,1,0,1,0,2024,5,5,2,0,0.03513155046592876
CUST0065,Inquiry,Medium,54,92180,50,592,1,1,0,0,2024,9,24,0,0,0.03513155046592876
CUST0066,Follow-Up,Low,93,50070,62,772,1,0,1,0,2024,2,10,2,1,0.03513155046592876
CUST0067,Approval,Medium,41,56934,37,470,1,1,1,0,2024,8,5,2,0,1.2898297813919548
CUST0068,Approval,High,35,119881,58,732,1,0,0,1,2024,10,15,0,1,-1.2195666804600973
CUST0069,Approval,Medium,10,112616,25,601,0,0,1,0,2024,6,26,0,2,-1.2195666804600973
CUST0070,Follow-Up,High,74,31219,29,355,1,0,1,1,2024,5,1,1,2,0.03513155046592876
CUST0071,Follow-Up,Medium,48,69467,30,829,1,1,1,1,2023,12,2,2,2,1.2898297813919548
CUST0072,Inquiry,High,16,85164,60,445,1,0,1,0,2024,1,6,0,1,0.03513155046592876
CUST0073,Follow-Up,High,65,116725,43,774,1,1,1,0,2024,1,7,0,0,1.2898297813919548
CUST0074,Approval,Medium,87,43235,60,762,1,1,1,1,2024,10,21,2,1,1.2898297813919548
CUST0075,Follow-Up,High,7,116832,62,392,1,1,0,1,2024,10,4,0,1,0.03513155046592876
CUST0076,Approval,Low,23,98197,47,812,0,1,1,1,2024,8,6,0,0,0.03513155046592876
CUST0077,Follow-Up,Low,29,65386,47,415,1,0,1,1,2024,1,15,2,0,0.03513155046592876
CUST0078,Follow-Up,Medium,67,111631,42,484,0,0,1,0,2023,12,3,0,0,-1.2195666804600973
CUST0079,Approval,High,6,109381,39,438,0,1,1,0,2024,1,29,0,0,0.03513155046592876
CUST0080,Approval,High,52,47978,63,702,1,1,0,0,2024,7,22,2,1,0.03513155046592876
CUST0081,Follow-Up,High,9,84896,37,723,1,1,1,1,2024,3,10,0,0,1.2898297813919548
CUST0082,Follow-Up,Medium,60,43751,54,631,1,1,1,0,2024,7,27,2,1,1.2898297813919548
CUST0083,Inquiry,Medium,37,97054,50,761,0,1,0,0,2024,5,24,0,0,-1.2195666804600973
CUST0084,Approval,Low,100,110962,61,325,0,1,1,0,2024,6,8,0,1,0.03513155046592876
CUST0085,Inquiry,High,40,45431,25,483,0,0,1,0,2024,11,3,2,2,-1.2195666804600973
CUST0086,Follow-Up,Low,42,67054,41,764,1,0,1,0,2024,7,25,2,0,0.03513155046592876
CUST0087,Approval,Medium,12,44943,36,506,0,1,1,1,2024,8,5,2,0,0.03513155046592876
CUST0088,Follow-Up,Medium,71,43928,51,765,1,1,0,0,2024,9,11,2,1,0.03513155046592876
CUST0089,Approval,Low,59,95239,57,392,1,1,1,1,2024,3,10,0,1,1.2898297813919548
CUST0090,Follow-Up,High,2,56037,31,556,0,1,0,0,2024,7,9,2,0,-1.2195666804600973
CUST0091,Inquiry,High,48,109823,60,631,0,1,1,0,2023,11,20,0,1,0.03513155046592876
CUST0092,Inquiry,High,26,56181,29,467,0,1,0,1,2024,1,6,2,2,-1.2195666804600973
CUST0093,Inquiry,Medium,38,64471,57,426,1,1,1,1,2023,11,16,2,1,1.2898297813919548
CUST0094,Approval,High,73,98569,43,393,1,0,0,0,2024,7,29,0,0,-1.2195666804600973
CUST0095,Approval,High,39,56433,46,416,1,0,0,1,2024,4,21,2,0,-1.2195666804600973
CUST0096,Approval,Low,95,76913,32,760,0,1,1,0,2024,7,11,2,0,0.03513155046592876
CUST0097,Inquiry,Low,80,83707,57,671,0,0,1,0,2024,2,2,0,1,-1.2195666804600973
CUST0098,Approval,Low,32,68712,41,387,1,1,1,0,2024,5,30,2,0,1.2898297813919548
CUST0099,Follow-Up,Low,60,51020,59,836,1,0,1,0,2024,6,19,2,1,0.03513155046592876
CUST0100,Approval,Medium,48,35164,61,693,1,0,0,0,2024,4,30,1,1,-1.2195666804600973
CUST0101,Inquiry,High,76,101845,41,823,1,1,0,0,2024,3,17,0,0,0.03513155046592876
CUST0102,Inquiry,Medium,64,95058,53,463,1,1,1,0,2024,2,11,0,1,1.2898297813919548
CUST0103,Follow-Up,High,99,57222,49,687,1,1,1,0,2023,12,14,2,0,1.2898297813919548
CUST0104,Approval,Medium,100,93001,61,689,1,1,1,0,2024,5,11,0,1,1.2898297813919548
CUST0105,Approval,High,26,73332,55,344,1,0,1,1,2024,6,6,2,1,0.03513155046592876
CUST0106,Follow-Up,High,94,60737,40,474,0,1,0,0,2024,6,30,2,0,-1.2195666804600973
CUST0107,Follow-Up,High,70,30358,46,643,1,0,1,0,2024,5,10,1,0,0.03513155046592876
CUST0108,Inquiry,Medium,98,31671,54,453,1,0,1,1,2024,2,22,1,1,0.03513155046592876
CUST0109,Approval,Low,32,118032,54,466,0,1,1,0,2024,3,1,0,1,0.03513155046592876
CUST0110,Follow-Up,Low,20,41665,62,448,1,1,1,0,2024,3,17,2,1,1.2898297813919548
CUST0111,Approval,Medium,1,44474,26,483,1,0,1,0,2024,9,21,2,2,0.03513155046592876
CUST0112,Follow-Up,High,53,105255,55,352,1,1,1,0,2024,3,15,0,1,1.2898297813919548
CUST0113,Inquiry,High,4,117690,32,729,1,1,1,1,2024,5,31,0,0,1.2898297813919548
CUST0114,Follow-Up,Medium,30,94763,41,615,1,1,1,1,2024,7,29,0,0,1.2898297813919548
CUST0115,Follow-Up,Low,70,49548,29,616,0,0,1,0,2024,5,5,2,2,-1.2195666804600973
CUST0116,Follow-Up,Low,45,41807,49,756,1,1,1,1,2024,6,3,2,0,1.2898297813919548
CUST0117,Follow-Up,High,82,97070,65,595,0,0,1,1,2024,4,13,0,1,-1.2195666804600973
CUST0118,Follow-Up,Low,89,39836,39,485,0,1,1,0,2024,10,18,1,0,0.03513155046592876
CUST0119,Approval,Low,2,43276,39,420,1,1,0,1,2024,1,27,2,0,0.03513155046592876
CUST0120,Inquiry,Low,43,63540,45,434,1,0,0,0,2024,7,20,2,0,-1.2195666804600973
CUST0121,Inquiry,High,1,114454,51,507,0,0,1,1,2024,8,28,0,1,-1.2195666804600973
CUST0122,Follow-Up,Low,98,60298,47,303,1,0,0,1,2024,11,2,2,0,-1.2195666804600973
CUST0123,Follow-Up,High,85,89867,58,559,1,1,1,0,2024,6,30,0,1,1.2898297813919548
CUST0124,Approval,Medium,49,68800,59,312,1,0,1,0,2024,2,1,2,1,0.03513155046592876
CUST0125,Follow-Up,Medium,95,64619,25,769,1,0,0,0,2024,1,16,2,2,-1.2195666804600973
CUST0126,Follow-Up,High,94,90853,41,809,0,1,1,0,2024,1,19,0,0,0.03513155046592876
CUST0127,Approval,Low,40,36564,40,810,1,1,1,1,2024,4,11,1,0,1.2898297813919548
CUST0128,Follow-Up,Medium,14,43082,43,305,1,1,1,1,2024,6,12,2,0,1.2898297813919548
CUST0129,Approval,High,27,52898,30,805,1,1,1,0,2024,8,24,2,2,1.2898297813919548
CUST0130,Inquiry,Low,68,35170,50,543,1,0,0,0,2024,8,2,1,0,-1.2195666804600973
CUST0131,Follow-Up,Medium,31,68085,46,522,1,1,1,0,2024,5,26,2,0,1.2898297813919548
CUST0132,Inquiry,High,54,77214,29,787,1,0,0,0,2024,7,16,2,2,-1.2195666804600973
CUST0133,Follow-Up,Low,63,118705,60,764,1,0,0,0,2024,4,30,0,1,-1.2195666804600973
CUST0134,Follow-Up,Low,8,70987,36,719,1,0,1,0,2024,1,24,2,0,0.03513155046592876
CUST0135,Follow-Up,High,19,85836,55,752,1,0,0,1,2024,7,8,0,1,-1.2195666804600973
CUST0136,Inquiry,Low,92,45191,45,381,1,1,0,0,2024,2,29,2,0,0.03513155046592876
CUST0137,Follow-Up,Medium,36,42451,47,306,1,0,0,0,2024,2,3,2,0,-1.2195666804600973
CUST0138,Approval,High,12,36014,38,550,0,0,1,1,2023,12,11,1,0,-1.2195666804600973
CUST0139,Inquiry,Low,6,31267,61,584,1,1,1,0,2023,11,26,1,1,1.2898297813919548
CUST0140,Approval,Low,30,48139,42,512,0,1,0,1,2024,5,22,2,0,-1.2195666804600973
CUST0141,Approval,Low,67,116947,36,350,1,0,0,1,2024,7,2,0,0,-1.2195666804600973
CUST0142,Follow-Up,Low,53,114829,37,489,1,0,1,0,2024,3,5,0,0,0.03513155046592876
CUST0143,Follow-Up,Low,90,52349,56,451,1,0,0,0,2023,12,18,2,1,-1.2195666804600973
CUST0144,Inquiry,High,48,73078,37,356,1,1,1,0,2024,3,4,2,0,1.2898297813919548
CUST0145,Inquiry,Medium,59,76861,40,657,1,1,1,0,2024,3,20,2,0,1.2898297813919548
CUST0146,Approval,Medium,96,87372,40,337,0,0,1,0,2024,8,16,0,0,-1.2195666804600973
CUST0147,Follow-Up,High,11,111501,41,448,0,1,1,0,2024,5,14,0,0,0.03513155046592876
CUST0148,Approval,Low,75,65167,38,333,1,0,1,0,2024,8,16,2,0,0.03513155046592876
CUST0149,Follow-Up,Medium,13,42183,39,605,1,1,1,0,2024,8,31,2,0,1.2898297813919548
CUST0150,Approval,Medium,65,78840,37,639,1,1,1,0,2024,2,5,2,0,1.2898297813919548
CUST0151,Follow-Up,Medium,18,74921,40,389,1,0,1,1,2024,3,5,2,0,0.03513155046592876
CUST0152,Inquiry,Low,82,53969,64,350,1,1,1,0,2024,8,8,2,1,1.2898297813919548
CUST0153,Inquiry,High,51,44920,47,411,1,0,1,0,2024,2,7,2,0,0.03513155046592876
CUST0154,Follow-Up,Medium,10,82530,34,726,1,0,1,0,2023,12,18,0,0,0.03513155046592876
CUST0155,Approval,High,76,82461,31,482,0,1,0,1,2024,10,11,0,0,-1.2195666804600973
CUST0156,Inquiry,Medium,73,89839,32,465,1,1,0,0,2024,2,16,0,0,0.03513155046592876
CUST0157,Follow-Up,High,8,65629,30,591,1,1,1,0,2024,10,24,2,2,1.2898297813919548
CUST0158,Follow-Up,Low,56,80556,56,481,1,1,0,1,2024,10,3,0,1,0.03513155046592876
CUST0159,Approval,Low,85,92684,64,766,0,0,1,0,2023,12,4,0,1,-1.2195666804600973
CUST0160,Follow-Up,Low,17,85278,25,668,0,1,0,1,2024,10,17,0,2,-1.2195666804600973
CUST0161,Inquiry,High,31,115045,59,336,0,1,1,0,2024,11,7,0,1,0.03513155046592876
CUST0162,Inquiry,Low,38,51860,27,395,1,1,1,0,2024,4,13,2,2,1.2898297813919548
CUST0163,Approval,Low,34,44818,55,606,1,1,0,0,2024,9,1,2,1,0.03513155046592876
CUST0164,Approval,Medium,41,47368,48,630,0,1,1,0,2023,12,24,2,0,0.03513155046592876
CUST0165,Inquiry,High,51,37686,64,677,1,1,1,0,2024,7,15,1,1,1.2898297813919548
CUST0166,Approval,High,90,50892,45,688,0,0,1,1,2024,10,7,2,0,-1.2195666804600973
CUST0167,Inquiry,Medium,95,43593,56,369,0,1,1,0,2023,11,14,2,1,0.03513155046592876
CUST0168,Follow-Up,Low,42,84529,61,737,1,0,0,0,2024,8,25,0,1,-1.2195666804600973
CUST0169,Approval,Medium,41,107430,42,366,0,1,1,0,2024,11,6,0,0,0.03513155046592876
CUST0170,Inquiry,Low,58,93265,56,599,1,0,0,0,2024,7,22,0,1,-1.2195666804600973
CUST0171,Approval,High,35,104572,36,782,1,1,1,0,2024,2,26,0,0,1.2898297813919548
CUST0172,Follow-Up,Low,30,118918,57,437,1,0,1,0,2024,3,22,0,1,0.03513155046592876
CUST0173,Inquiry,Medium,10,87430,42,424,1,0,0,0,2024,5,3,0,0,-1.2195666804600973
CUST0174,Inquiry,Low,26,53758,50,581,1,1,0,0,2024,10,11,2,0,0.03513155046592876
CUST0175,Inquiry,Medium,18,110127,39,637,1,1,1,0,2023,12,30,0,0,1.2898297813919548
CUST0176,Follow-Up,Low,100,79774,61,839,0,1,0,0,2023,12,20,2,1,-1.2195666804600973
CUST0177,Inquiry,High,99,77002,33,723,0,0,1,0,2023,12,5,2,0,-1.2195666804600973
CUST0178,Approval,High,75,110131,28,837,1,0,1,0,2023,12,31,0,2,0.03513155046592876
CUST0179,Inquiry,High,14,33777,58,514,0,1,1,1,2024,3,8,1,1,0.03513155046592876
CUST0180,Follow-Up,Low,20,119714,52,514,0,1,1,0,2023,12,9,0,1,0.03513155046592876
CUST0181,Approval,Medium,14,47125,55,359,1,1,1,0,2024,3,6,2,1,1.2898297813919548
CUST0182,Follow-Up,High,22,93318,59,411,1,1,1,0,2024,11,2,0,1,1.2898297813919548
CUST0183,Approval,Medium,58,93979,27,841,1,1,1,1,2024,11,7,0,2,1.2898297813919548
CUST0184,Approval,High,60,44802,57,389,1,0,0,1,2024,2,12,2,1,-1.2195666804600973
CUST0185,Follow-Up,High,41,83907,47,795,0,1,1,0,2024,2,2,0,0,0.03513155046592876
CUST0186,Follow-Up,High,53,87761,50,594,0,0,1,0,2024,4,14,0,0,-1.2195666804600973
CUST0187,Follow-Up,High,16,36025,36,737,1,0,0,1,2024,11,4,1,0,-1.2195666804600973
CUST0188,Follow-Up,Medium,69,38301,54,624,0,0,1,0,2024,11,2,1,1,-1.2195666804600973
CUST0189,Inquiry,Medium,46,64290,32,565,1,0,0,0,2024,2,13,2,0,-1.2195666804600973
CUST0190,Follow-Up,Low,99,115848,58,838,1,0,1,0,2024,6,23,0,1,0.03513155046592876
CUST0191,Approval,Medium,27,71187,54,662,0,1,0,0,2024,2,10,2,1,-1.2195666804600973
CUST0192,Inquiry,Low,58,31620,45,432,1,1,1,1,2024,6,17,1,0,1.2898297813919548
CUST0193,Follow-Up,Medium,40,118857,25,808,1,0,1,1,2024,11,2,0,2,0.03513155046592876
CUST0194,Inquiry,Medium,60,98788,25,832,0,0,1,0,2024,2,27,0,2,-1.2195666804600973
CUST0195,Approval,High,34,105582,38,809,1,1,1,0,2023,11,19,0,0,1.2898297813919548
CUST0196,Approval,Low,16,104057,49,804,0,1,1,0,2023,12,1,0,0,0.03513155046592876
CUST0197,Approval,High,12,59358,62,484,0,1,1,1,2024,4,4,2,1,0.03513155046592876
CUST0198,Inquiry,Medium,21,117797,31,538,1,1,1,1,2024,8,11,0,0,1.2898297813919548
CUST0199,Inquiry,Medium,88,74341,45,597,1,1,0,1,2024,9,17,2,0,0.03513155046592876
CUST0200,Follow-Up,High,39,98039,48,498,0,1,1,1,2024,9,22,0,0,0.03513155046592876
CUST0201,Follow-Up,Low,91,98564,64,301,1,1,0,0,2024,2,16,0,1,0.03513155046592876
CUST0202,Follow-Up,Medium,90,111033,41,421,1,0,0,0,2024,8,26,0,0,-1.2195666804600973
CUST0203,Approval,Medium,78,42483,36,324,1,1,1,0,2024,7,10,2,0,1.2898297813919548
CUST0204,Follow-Up,High,6,86734,60,776,1,1,0,1,2024,8,4,0,1,0.03513155046592876
CUST0205,Inquiry,Medium,28,116732,41,420,0,1,1,0,2023,12,29,0,0,0.03513155046592876
CUST0206,Follow-Up,Medium,42,62581,40,512,1,1,0,0,2024,2,15,2,0,0.03513155046592876
CUST0207,Approval,Medium,19,93167,42,724,1,1,1,0,2024,7,4,0,0,1.2898297813919548
CUST0208,Follow-Up,Low,12,75318,55,723,1,1,1,0,2024,5,13,2,1,1.2898297813919548
CUST0209,Approval,Medium,92,116993,64,346,0,1,1,0,2024,6,27,0,1,0.03513155046592876
CUST0210,Approval,Medium,32,118643,46,641,1,1,1,0,2024,4,21,0,0,1.2898297813919548
CUST0211,Approval,Medium,46,114070,48,658,1,0,1,0,2024,10,1,0,0,0.03513155046592876
CUST0212,Follow-Up,High,51,80446,36,517,1,1,1,0,2024,5,3,0,0,1.2898297813919548
CUST0213,Inquiry,Medium,66,49484,56,311,1,0,1,0,2024,4,17,2,1,0.03513155046592876
CUST0214,Follow-Up,Low,7,103183,52,506,1,1,1,0,2024,3,20,0,1,1.2898297813919548
CUST0215,Approval,Medium,87,110335,38,588,0,1,1,1,2024,1,26,0,0,0.03513155046592876
CUST0216,Follow-Up,Medium,39,37152,51,560,1,1,0,0,2024,7,9,1,1,0.03513155046592876
CUST0217,Follow-Up,Low,34,31526,48,369,1,1,1,0,2023,11,20,1,0,1.2898297813919548
CUST0218,Follow-Up,Medium,23,114331,48,615,1,1,1,1,2024,7,18,0,0,1.2898297813919548
CUST0219,Approval,High,4,50568,50,607,1,1,0,0,2024,6,10,2,0,0.03513155046592876
CUST0220,Approval,Low,52,96265,42,818,1,0,0,1,2023,11,26,0,0,-1.2195666804600973
CUST0221,Follow-Up,Medium,58,91510,53,631,1,1,1,0,2024,9,30,0,1,1.2898297813919548
CUST0222,Follow-Up,High,72,94990,36,306,1,1,1,0,2023,12,12,0,0,1.2898297813919548
CUST0223,Follow-Up,Medium,96,51679,61,416,0,0,1,0,2023,12,14,2,1,-1.2195666804600973
CUST0224,Inquiry,Low,71,39812,33,641,1,0,1,0,2024,10,25,1,0,0.03513155046592876
CUST0225,Approval,High,32,94441,61,649,0,1,1,0,2024,9,24,0,1,0.03513155046592876
CUST0226,Inquiry,Low,13,72026,39,705,1,0,1,0,2024,4,17,2,0,0.03513155046592876
CUST0227,Approval,Medium,60,61574,31,329,1,0,1,1,2024,4,30,2,0,0.03513155046592876
CUST0228,Follow-Up,Medium,14,73371,42,479,0,1,1,0,2024,5,1,2,0,0.03513155046592876
CUST0229,Inquiry,High,18,66458,40,498,0,0,1,1,2024,2,2,2,0,-1.2195666804600973
CUST0230,Follow-Up,High,16,36599,60,638,0,1,1,0,2024,3,12,1,1,0.03513155046592876
CUST0231,Inquiry,Medium,2,96444,52,646,0,1,0,1,2024,10,13,0,1,-1.2195666804600973
CUST0232,Follow-Up,Low,8,59190,49,790,1,1,1,0,2023,12,20,2,0,1.2898297813919548
CUST0233,Approval,Medium,100,102154,37,785,1,1,0,0,2024,11,6,0,0,0.03513155046592876
CUST0234,Follow-Up,Medium,29,114320,34,336,1,1,1,0,2023,11,17,0,0,1.2898297813919548
CUST0235,Approval,Medium,17,79628,34,439,1,1,1,0,2024,8,15,2,0,1.2898297813919548
CUST0236,Follow-Up,Low,26,82858,55,793,1,1,0,1,2024,9,29,0,1,0.03513155046592876
CUST0237,Follow-Up,Low,52,60801,25,459,1,1,0,0,2024,2,29,2,2,0.03513155046592876
CUST0238,Approval,Medium,48,40332,36,771,0,0,1,0,2024,4,2,2,0,-1.2195666804600973
CUST0239,Approval,High,88,90174,51,849,0,1,1,0,2023,12,16,0,1,0.03513155046592876
CUST0240,Inquiry,Low,81,88220,56,643,0,1,1,0,2024,5,25,0,1,0.03513155046592876
CUST0241,Follow-Up,Medium,83,105108,33,773,0,1,0,1,2024,1,26,0,0,-1.2195666804600973
CUST0242,Inquiry,Medium,11,88733,65,723,0,1,1,1,2024,9,23,0,1,0.03513155046592876
CUST0243,Inquiry,Medium,75,41536,58,357,1,1,1,1,2024,2,14,2,1,1.2898297813919548
CUST0244,Approval,High,76,95333,59,833,1,1,1,0,2024,10,20,0,1,1.2898297813919548
CUST0245,Approval,Low,34,88598,45,606,0,0,1,0,2024,7,16,0,0,-1.2195666804600973
CUST0246,Follow-Up,Medium,10,71426,56,623,1,1,1,1,2024,7,25,2,1,1.2898297813919548
CUST0247,Inquiry,Low,3,45559,44,848,1,1,1,0,2023,11,22,2,0,1.2898297813919548
CUST0248,Follow-Up,Medium,9,95191,41,319,1,1,0,1,2024,1,25,0,0,0.03513155046592876
CUST0249,Inquiry,Medium,26,115638,60,513,1,0,0,1,2024,3,12,0,1,-1.2195666804600973
CUST0250,Approval,Low,83,32329,61,639,1,1,1,1,2024,6,25,1,1,1.2898297813919548
CUST0251,Follow-Up,High,57,43453,28,662,1,1,0,0,2024,10,18,2,2,0.03513155046592876
CUST0252,Inquiry,High,17,82879,50,367,1,1,1,0,2024,10,3,0,0,1.2898297813919548
CUST0253,Approval,Low,12,84046,31,452,1,0,1,1,2023,11,26,0,0,0.03513155046592876
CUST0254,Inquiry,Low,43,34696,35,587,1,0,1,0,2024,6,20,1,0,0.03513155046592876
CUST0255,Follow-Up,Medium,16,103024,28,331,1,0,1,0,2024,2,6,0,2,0.03513155046592876
CUST0256,Approval,Medium,6,101971,38,647,1,0,0,0,2024,1,27,0,0,-1.2195666804600973
CUST0257,Inquiry,Low,60,30022,41,684,1,0,0,1,2023,12,10,1,0,-1.2195666804600973
CUST0258,Inquiry,Low,7,41913,55,847,0,1,1,0,2024,10,25,2,1,0.03513155046592876
CUST0259,Follow-Up,Low,22,109194,65,469,1,1,1,0,2024,8,11,0,1,1.2898297813919548
CUST0260,Follow-Up,High,74,111142,31,698,1,0,0,0,2024,6,2,0,0,-1.2195666804600973
CUST0261,Follow-Up,High,56,113563,53,491,1,0,1,0,2024,11,2,0,1,0.03513155046592876
CUST0262,Approval,High,93,69924,46,419,1,1,0,1,2024,7,27,2,0,0.03513155046592876
CUST0263,Approval,Low,51,96628,41,615,1,1,1,0,2024,1,15,0,0,1.2898297813919548
CUST0264,Follow-Up,Low,64,103706,48,622,1,0,0,0,2024,8,29,0,0,-1.2195666804600973
CUST0265,Approval,Medium,4,57112,48,332,0,1,1,1,2023,11,12,2,0,0.03513155046592876
CUST0266,Inquiry,High,49,115799,60,578,0,1,0,1,2024,4,21,0,1,-1.2195666804600973
CUST0267,Follow-Up,High,88,118011,60,723,1,0,1,0,2024,10,2,0,1,0.03513155046592876
CUST0268,Approval,High,55,89796,41,388,1,0,1,1,2024,6,10,0,0,0.03513155046592876
CUST0269,Approval,High,23,74676,47,808,1,0,0,0,2024,8,19,2,0,-1.2195666804600973
CUST0270,Follow-Up,Low,46,77624,26,543,1,1,1,0,2024,1,27,2,2,1.2898297813919548
CUST0271,Follow-Up,Medium,28,37113,51,680,1,0,1,1,2024,7,10,1,1,0.03513155046592876
CUST0272,Approval,Medium,24,59218,32,762,1,1,1,1,2024,1,25,2,0,1.2898297813919548
CUST0273,Approval,Medium,36,89566,47,609,1,1,1,1,2024,4,25,0,0,1.2898297813919548
CUST0274,Follow-Up,Low,36,73512,63,521,1,0,1,1,2023,11,30,2,1,0.03513155046592876
CUST0275,Approval,High,58,103420,37,837,1,0,0,0,2024,2,8,0,0,-1.2195666804600973
CUST0276,Inquiry,Low,20,111232,61,609,0,1,0,0,2024,5,25,0,1,-1.2195666804600973
CUST0277,Approval,High,5,108636,61,479,0,1,1,1,2024,4,28,0,1,0.03513155046592876
CUST0278,Inquiry,Low,79,92014,59,414,1,1,1,0,2024,8,31,0,1,1.2898297813919548
CUST0279,Inquiry,Medium,80,116136,36,683,1,1,1,1,2023,11,24,0,0,1.2898297813919548
CUST0280,Approval,Medium,79,77617,43,338,1,0,1,1,2024,10,1,2,0,0.03513155046592876
CUST0281,Approval,Medium,32,89314,47,506,1,1,0,1,2024,2,28,0,0,0.03513155046592876
CUST0282,Follow-Up,Medium,83,44945,45,394,0,1,1,0,2024,5,17,2,0,0.03513155046592876
CUST0283,Inquiry,High,38,42771,57,754,1,0,1,0,2024,10,14,2,1,0.03513155046592876
CUST0284,Approval,Low,64,116364,56,818,1,1,1,0,2024,9,21,0,1,1.2898297813919548
CUST0285,Inquiry,High,53,59064,53,325,0,1,1,0,2024,4,1,2,1,0.03513155046592876
CUST0286,Follow-Up,Low,71,30287,30,794,0,1,1,0,2024,7,15,1,2,0.03513155046592876
CUST0287,Inquiry,Medium,62,74742,49,812,1,1,1,0,2024,10,3,2,0,1.2898297813919548
CUST0288,Approval,Medium,8,76548,64,457,1,1,0,0,2024,5,20,2,1,0.03513155046592876
CUST0289,Approval,Medium,12,113055,43,494,1,1,0,0,2024,1,6,0,0,0.03513155046592876
CUST0290,Inquiry,Low,36,68270,54,648,0,1,0,0,2024,1,1,2,1,-1.2195666804600973
CUST0291,Follow-Up,Medium,50,101786,65,795,1,0,0,0,2024,1,11,0,1,-1.2195666804600973
CUST0292,Inquiry,High,18,98417,34,836,0,1,1,0,2024,4,21,0,0,0.03513155046592876
CUST0293,Approval,High,54,79006,35,617,1,1,1,1,2024,5,27,2,0,1.2898297813919548
CUST0294,Follow-Up,High,26,43935,65,635,0,1,0,0,2024,10,26,2,1,-1.2195666804600973
CUST0295,Inquiry,Low,83,36000,46,446,0,1,1,0,2023,12,22,1,0,0.03513155046592876
CUST0296,Inquiry,High,68,51516,51,400,0,1,1,0,2024,6,24,2,1,0.03513155046592876
CUST0297,Follow-Up,Medium,32,94542,65,828,1,0,0,1,2024,3,25,0,1,-1.2195666804600973
CUST0298,Inquiry,Low,81,48408,64,435,1,1,1,0,2024,3,4,2,1,1.2898297813919548
CUST0299,Follow-Up,Medium,70,83636,61,510,0,1,1,0,2024,7,17,0,1,0.03513155046592876
CUST0300,Follow-Up,Low,3,44019,50,337,1,0,1,0,2024,5,12,2,0,0.03513155046592876
CUST0301,Follow-Up,High,49,63330,29,770,0,0,1,0,2024,2,1,2,2,-1.2195666804600973
CUST0302,Follow-Up,Medium,92,110065,30,696,1,1,1,0,2024,5,2,0,2,1.2898297813919548
CUST0303,Inquiry,Medium,46,55679,35,834,0,1,0,0,2024,4,3,2,0,-1.2195666804600973
CUST0304,Inquiry,Low,62,54581,46,418,0,0,1,0,2024,8,7,2,0,-1.2195666804600973
CUST0305,Approval,Medium,70,45826,39,304,1,1,0,1,2023,11,28,2,0,0.03513155046592876
CUST0306,Follow-Up,High,63,81497,45,618,1,0,0,1,2024,1,16,0,0,-1.2195666804600973
CUST0307,Approval,Low,45,58257,45,345,0,0,1,0,2023,12,8,2,0,-1.2195666804600973
CUST0308,Approval,Medium,73,89905,43,389,1,1,1,0,2024,4,30,0,0,1.2898297813919548
CUST0309,Inquiry,Low,65,54979,42,641,0,1,1,1,2024,9,28,2,0,0.03513155046592876
CUST0310,Inquiry,Medium,42,74293,63,778,1,1,1,0,2023,12,30,2,1,1.2898297813919548
CUST0311,Inquiry,High,50,44125,50,347,1,1,1,0,2024,6,12,2,0,1.2898297813919548
CUST0312,Inquiry,High,35,84325,42,405,1,0,0,0,2024,7,7,0,0,-1.2195666804600973
CUST0313,Approval,High,24,36094,53,833,1,1,0,0,2023,11,11,1,1,0.03513155046592876
CUST0314,Follow-Up,High,4,113000,48,619,1,1,0,1,2024,10,4,0,0,0.03513155046592876
CUST0315,Approval,Medium,41,118098,62,323,1,0,0,1,2024,9,29,0,1,-1.2195666804600973
CUST0316,Approval,High,77,107176,58,619,1,1,1,0,2024,6,26,0,1,1.2898297813919548
CUST0317,Inquiry,Low,29,46150,53,514,1,1,0,0,2024,8,24,2,1,0.03513155046592876
CUST0318,Follow-Up,Medium,4,89048,51,628,1,1,1,0,2024,4,30,0,1,1.2898297813919548
CUST0319,Approval,High,100,89950,35,505,1,1,1,0,2023,11,12,0,0,1.2898297813919548
CUST0320,Inquiry,Low,36,116305,36,497,0,1,0,0,2023,12,22,0,0,-1.2195666804600973
CUST0321,Inquiry,Medium,8,107242,26,593,0,0,1,0,2024,8,24,0,2,-1.2195666804600973
CUST0322,Follow-Up,Low,61,96086,33,583,1,0,0,1,2024,4,25,0,0,-1.2195666804600973
CUST0323,Approval,Medium,68,47647,40,845,1,1,1,0,2024,6,1,2,0,1.2898297813919548
CUST0324,Follow-Up,Low,46,95382,41,626,1,1,1,0,2024,5,10,0,0,1.2898297813919548
CUST0325,Follow-Up,High,99,30568,30,751,1,1,1,1,2024,9,17,1,2,1.2898297813919548
CUST0326,Follow-Up,Low,75,99515,38,420,0,1,1,1,2024,9,25,0,0,0.03513155046592876
CUST0327,Approval,Low,30,36366,35,579,1,1,0,0,2024,11,8,1,0,0.03513155046592876
CUST0328,Inquiry,Medium,21,102512,50,452,0,0,1,0,2024,6,6,0,0,-1.2195666804600973
CUST0329,Follow-Up,Medium,13,86729,31,461,0,1,0,0,2024,3,28,0,0,-1.2195666804600973
CUST0330,Follow-Up,High,32,106692,31,580,1,1,1,0,2024,5,10,0,0,1.2898297813919548
CUST0331,Approval,Low,85,93298,29,417,0,1,0,0,2024,6,25,0,2,-1.2195666804600973
CUST0332,Approval,Low,31,96628,55,315,1,0,0,1,2024,9,19,0,1,-1.2195666804600973
CUST0333,Inquiry,Low,35,53226,60,826,1,1,0,0,2024,9,4,2,1,0.03513155046592876
CUST0334,Inquiry,Low,69,105832,28,404,1,1,1,0,2024,9,27,0,2,1.2898297813919548
CUST0335,Follow-Up,High,95,52760,26,511,1,1,1,0,2024,8,7,2,2,1.2898297813919548
CUST0336,Follow-Up,Medium,8,46827,50,658,0,1,0,0,2024,4,4,2,0,-1.2195666804600973
CUST0337,Approval,Low,98,43573,58,626,0,1,0,1,2024,3,26,2,1,-1.2195666804600973
CUST0338,Follow-Up,High,29,80778,30,577,1,1,1,1,2024,1,30,0,2,1.2898297813919548
CUST0339,Approval,High,74,116182,31,444,1,1,1,0,2024,1,31,0,0,1.2898297813919548
CUST0340,Follow-Up,High,50,108714,41,590,0,0,1,0,2024,2,22,0,0,-1.2195666804600973
CUST0341,Approval,High,46,109450,64,550,1,0,0,0,2024,4,16,0,1,-1.2195666804600973
CUST0342,Follow-Up,High,23,72184,34,475,1,1,0,0,2024,9,19,2,0,0.03513155046592876
CUST0343,Follow-Up,Medium,23,96074,30,372,1,0,1,0,2024,10,28,0,2,0.03513155046592876
CUST0344,Follow-Up,High,31,80418,49,618,0,1,0,0,2024,9,26,0,0,-1.2195666804600973
CUST0345,Inquiry,Medium,76,84875,44,646,1,1,1,0,2024,5,13,0,0,1.2898297813919548
CUST0346,Follow-Up,Low,41,109822,39,754,0,1,1,0,2024,2,1,0,0,0.03513155046592876
CUST0347,Follow-Up,Low,95,62537,40,351,0,0,1,0,2024,9,24,2,0,-1.2195666804600973
CUST0348,Inquiry,Medium,90,65860,43,433,0,0,1,0,2024,1,10,2,0,-1.2195666804600973
CUST0349,Inquiry,Medium,46,82149,53,329,0,1,0,0,2024,1,9,0,1,-1.2195666804600973
CUST0350,Follow-Up,Low,76,74939,65,782,0,0,1,0,2024,5,28,2,1,-1.2195666804600973
CUST0351,Approval,High,4,68557,33,351,0,1,1,0,2024,4,27,2,0,0.03513155046592876
CUST0352,Follow-Up,Low,91,89355,33,408,1,0,0,1,2024,11,4,0,0,-1.2195666804600973
CUST0353,Approval,High,90,47481,58,692,0,1,1,0,2024,6,14,2,1,0.03513155046592876
CUST0354,Follow-Up,High,46,48111,35,355,0,1,0,0,2024,4,13,2,0,-1.2195666804600973
CUST0355,Approval,Medium,73,84099,26,388,0,1,0,0,2024,4,26,0,2,-1.2195666804600973
CUST0356,Follow-Up,Medium,73,108974,27,736,1,0,0,0,2024,9,28,0,2,-1.2195666804600973
CUST0357,Inquiry,Low,19,97147,47,701,0,1,1,0,2024,1,29,0,0,0.03513155046592876
CUST0358,Approval,Low,73,69179,45,483,0,1,1,0,2024,7,9,2,0,0.03513155046592876
CUST0359,Follow-Up,Medium,25,101802,55,756,1,1,1,1,2024,1,23,0,1,1.2898297813919548
CUST0360,Follow-Up,Low,64,71144,54,664,0,1,0,0,2024,2,18,2,1,-1.2195666804600973
CUST0361,Inquiry,Medium,70,102559,59,619,1,1,1,0,2024,8,16,0,1,1.2898297813919548
CUST0362,Approval,Medium,40,112913,42,640,1,0,0,0,2023,11,26,0,0,-1.2195666804600973
CUST0363,Approval,Low,23,58487,60,502,1,0,0,0,2024,4,30,2,1,-1.2195666804600973
CUST0364,Approval,High,63,56330,53,846,1,0,0,0,2024,8,16,2,1,-1.2195666804600973
CUST0365,Inquiry,High,5,57487,33,380,0,1,0,1,2024,8,31,2,0,-1.2195666804600973
CUST0366,Approval,Medium,12,111810,59,776,1,1,0,0,2024,6,26,0,1,0.03513155046592876
CUST0367,Approval,Low,8,68086,36,434,1,1,0,1,2024,6,9,2,0,0.03513155046592876
CUST0368,Follow-Up,High,30,119995,62,395,0,1,0,1,2024,6,26,0,1,-1.2195666804600973
CUST0369,Follow-Up,Medium,78,75258,63,779,0,1,1,0,2024,3,3,2,1,0.03513155046592876
CUST0370,Inquiry,Medium,29,118129,54,399,1,1,0,0,2024,8,28,0,1,0.03513155046592876
CUST0371,Approval,Low,3,47389,65,766,1,1,1,0,2024,10,9,2,1,1.2898297813919548
CUST0372,Follow-Up,Low,68,115208,65,617,1,0,0,0,2024,8,17,0,1,-1.2195666804600973
CUST0373,Inquiry,Medium,62,53306,61,776,1,0,1,0,2024,4,2,2,1,0.03513155046592876
CUST0374,Approval,High,1,96046,52,781,1,1,1,0,2024,6,22,0,1,1.2898297813919548
CUST0375,Inquiry,Low,43,101105,58,537,1,1,1,0,2024,4,9,0,1,1.2898297813919548
CUST0376,Approval,Low,79,113476,65,529,1,0,0,0,2024,6,10,0,1,-1.2195666804600973
CUST0377,Follow-Up,Low,26,72255,65,447,1,0,1,1,2024,3,8,2,1,0.03513155046592876
CUST0378,Approval,High,17,45126,59,564,1,1,0,0,2024,10,2,2,1,0.03513155046592876
CUST0379,Approval,High,44,76168,44,672,1,1,1,1,2024,5,10,2,0,1.2898297813919548
CUST0380,Approval,Medium,92,103699,47,701,1,0,1,0,2024,7,5,0,0,0.03513155046592876
CUST0381,Approval,Low,23,92963,55,487,1,0,1,0,2024,7,7,0,1,0.03513155046592876
CUST0382,Inquiry,High,42,106389,59,638,0,1,0,0,2023,12,26,0,1,-1.2195666804600973
CUST0383,Approval,High,8,104794,39,632,1,1,1,0,2024,3,2,0,0,1.2898297813919548
CUST0384,Inquiry,Low,3,117445,30,764,1,1,1,1,2024,1,11,0,2,1.2898297813919548
CUST0385,Approval,High,19,84719,53,799,0,0,1,1,2023,12,31,0,1,-1.2195666804600973
CUST0386,Approval,Medium,76,118374,44,330,1,1,1,1,2024,8,2,0,0,1.2898297813919548
CUST0387,Inquiry,High,91,99979,48,366,1,0,0,0,2024,3,21,0,0,-1.2195666804600973
CUST0388,Follow-Up,High,19,67477,51,786,1,1,1,0,2024,9,17,2,1,1.2898297813919548
CUST0389,Follow-Up,Medium,100,85363,41,415,1,1,1,1,2024,9,2,0,0,1.2898297813919548
CUST0390,Inquiry,Low,15,31673,34,659,1,1,0,1,2024,6,8,1,0,0.03513155046592876
CUST0391,Approval,High,68,98515,44,790,0,1,0,1,2024,11,7,0,0,-1.2195666804600973
CUST0392,Follow-Up,Medium,47,43955,25,772,1,0,0,0,2024,4,22,2,2,-1.2195666804600973
CUST0393,Approval,Low,10,33312,25,474,1,0,0,0,2024,5,24,1,2,-1.2195666804600973
CUST0394,Inquiry,Medium,48,79921,58,589,0,1,1,1,2023,12,29,2,1,0.03513155046592876
CUST0395,Inquiry,High,91,49048,33,656,1,1,1,0,2024,4,30,2,0,1.2898297813919548
CUST0396,Follow-Up,Medium,85,36955,47,430,0,1,1,1,2024,5,26,1,0,0.03513155046592876
CUST0397,Follow-Up,High,51,117851,43,820,1,1,1,1,2024,3,30,0,0,1.2898297813919548
CUST0398,Approval,Low,76,37419,55,405,1,1,1,0,2024,5,23,1,1,1.2898297813919548
CUST0399,Follow-Up,Low,13,56201,59,715,0,1,1,1,2024,4,4,2,1,0.03513155046592876
CUST0400,Inquiry,Medium,44,64993,25,409,0,1,1,1,2023,12,13,2,2,0.03513155046592876
CUST0401,Inquiry,High,39,51094,56,633,0,1,0,0,2024,1,11,2,1,-1.2195666804600973
CUST0402,Inquiry,Low,42,67567,55,372,1,0,1,1,2024,9,2,2,1,0.03513155046592876
CUST0403,Approval,Medium,18,119573,44,609,0,1,1,0,2024,6,10,0,0,0.03513155046592876
CUST0404,Follow-Up,Low,21,62841,25,845,1,0,0,1,2024,5,30,2,2,-1.2195666804600973
CUST0405,Approval,Low,94,49192,52,772,1,1,1,0,2024,1,7,2,1,1.2898297813919548
CUST0406,Approval,High,56,38130,43,710,1,1,1,1,2023,11,21,1,0,1.2898297813919548
CUST0407,Follow-Up,Low,82,68684,63,723,1,1,1,0,2024,7,31,2,1,1.2898297813919548
CUST0408,Inquiry,Low,63,56738,39,544,1,1,0,0,2024,3,10,2,0,0.03513155046592876
CUST0409,Follow-Up,High,84,100932,25,549,1,1,0,1,2024,6,3,0,2,0.03513155046592876
CUST0410,Follow-Up,Low,41,34234,60,462,0,0,1,0,2024,8,12,1,1,-1.2195666804600973
CUST0411,Follow-Up,Low,23,77013,48,793,1,1,0,0,2024,4,21,2,0,0.03513155046592876
CUST0412,Approval,High,91,89322,37,693,1,0,1,1,2024,5,31,0,0,0.03513155046592876
CUST0413,Follow-Up,High,72,43432,51,367,1,1,1,1,2024,6,14,2,1,1.2898297813919548
CUST0414,Inquiry,Low,89,110754,60,648,1,1,1,0,2023,11,21,0,1,1.2898297813919548
CUST0415,Follow-Up,Low,79,118542,52,513,0,1,1,0,2023,12,22,0,1,0.03513155046592876
CUST0416,Inquiry,Low,46,103647,50,741,1,1,0,0,2024,3,4,0,0,0.03513155046592876
CUST0417,Inquiry,Low,29,59400,40,745,1,1,1,0,2024,1,21,2,0,1.2898297813919548
CUST0418,Inquiry,Medium,86,114819,35,650,1,0,0,0,2024,7,9,0,0,-1.2195666804600973
CUST0419,Approval,Low,76,103566,49,541,1,0,1,0,2024,5,28,0,0,0.03513155046592876
CUST0420,Approval,High,23,80972,49,477,0,1,1,1,2024,5,2,0,0,0.03513155046592876
CUST0421,Approval,High,49,61142,39,379,0,1,1,1,2024,6,20,2,0,0.03513155046592876
CUST0422,Follow-Up,High,40,96967,41,798,1,1,1,1,2024,4,23,0,0,1.2898297813919548
CUST0423,Approval,High,94,67701,30,417,1,0,0,0,2024,5,8,2,2,-1.2195666804600973
CUST0424,Follow-Up,Low,89,117096,52,774,1,0,0,0,2024,9,13,0,1,-1.2195666804600973
CUST0425,Inquiry,Low,38,36157,65,633,1,1,1,0,2024,1,27,1,1,1.2898297813919548
CUST0426,Follow-Up,Medium,17,80014,40,399,1,0,1,0,2024,7,31,0,0,0.03513155046592876
CUST0427,Inquiry,Low,23,80797,58,755,0,1,0,0,2024,1,12,0,1,-1.2195666804600973
CUST0428,Follow-Up,High,94,84600,64,480,1,0,0,1,2024,2,5,0,1,-1.2195666804600973
CUST0429,Approval,Low,1,119803,42,615,0,0,1,0,2024,8,10,0,0,-1.2195666804600973
CUST0430,Inquiry,Medium,90,70980,43,715,0,1,1,0,2023,11,27,2,0,0.03513155046592876
CUST0431,Follow-Up,Low,74,102368,59,371,1,1,1,0,2024,2,3,0,1,1.2898297813919548
CUST0432,Follow-Up,Low,51,37051,42,411,1,1,1,1,2024,10,28,1,0,1.2898297813919548
CUST0433,Approval,High,99,31699,51,688,1,0,1,0,2024,3,19,1,1,0.03513155046592876
CUST0434,Approval,Medium,73,62943,37,635,1,0,0,0,2023,11,14,2,0,-1.2195666804600973
CUST0435,Approval,Low,5,56619,29,806,1,0,0,0,2024,7,26,2,2,-1.2195666804600973
CUST0436,Follow-Up,Low,24,111338,36,362,0,0,1,1,2024,3,31,0,0,-1.2195666804600973
CUST0437,Approval,Medium,78,88073,33,392,1,0,0,0,2024,6,14,0,0,-1.2195666804600973
CUST0438,Follow-Up,Low,41,59563,43,522,0,1,0,1,2023,11,22,2,0,-1.2195666804600973
CUST0439,Approval,Medium,79,113071,32,442,1,1,1,1,2024,10,6,0,0,1.2898297813919548
CUST0440,Follow-Up,Medium,29,114886,65,300,1,1,1,0,2024,4,15,0,1,1.2898297813919548
CUST0441,Inquiry,High,82,78200,54,450,1,1,0,0,2023,12,2,2,1,0.03513155046592876
CUST0442,Approval,Low,73,107120,64,452,1,1,0,1,2024,2,29,0,1,0.03513155046592876
CUST0443,Inquiry,Medium,14,101645,53,763,1,0,0,0,2024,8,31,0,1,-1.2195666804600973
CUST0444,Follow-Up,Medium,64,109087,42,844,0,0,1,0,2023,12,22,0,0,-1.2195666804600973
CUST0445,Inquiry,Medium,19,55751,64,598,1,1,1,1,2024,6,8,2,1,1.2898297813919548
CUST0446,Approval,High,43,55362,56,699,0,1,0,1,2024,7,10,2,1,-1.2195666804600973
CUST0447,Approval,Low,96,68558,37,757,1,1,1,1,2024,7,4,2,0,1.2898297813919548
CUST0448,Follow-Up,High,10,88827,45,500,1,1,1,1,2023,12,9,0,0,1.2898297813919548
CUST0449,Approval,High,31,53255,26,510,1,0,0,0,2024,8,24,2,2,-1.2195666804600973
CUST0450,Inquiry,Medium,45,119477,34,624,1,1,1,0,2024,4,8,0,0,1.2898297813919548
CUST0451,Approval,Medium,41,39760,28,606,0,1,1,1,2024,5,1,1,2,0.03513155046592876
CUST0452,Inquiry,Medium,22,54507,59,611,0,1,0,0,2024,10,4,2,1,-1.2195666804600973
CUST0453,Approval,Medium,82,52779,26,745,0,1,1,0,2024,3,26,2,2,0.03513155046592876
CUST0454,Follow-Up,High,12,97350,36,652,0,0,1,1,2024,1,9,0,0,-1.2195666804600973
CUST0455,Approval,Medium,91,45643,31,391,0,0,1,0,2024,3,10,2,0,-1.2195666804600973
CUST0456,Follow-Up,Low,86,79440,43,308,0,1,0,0,2024,1,17,2,0,-1.2195666804600973
CUST0457,Approval,High,82,35326,42,822,1,1,1,0,2024,4,19,1,0,1.2898297813919548
CUST0458,Follow-Up,Medium,94,86165,33,713,1,1,1,0,2024,2,11,0,0,1.2898297813919548
CUST0459,Inquiry,Low,43,66583,53,430,0,1,1,0,2024,2,25,2,1,0.03513155046592876
CUST0460,Inquiry,Medium,58,102954,25,601,0,1,1,0,2023,11,22,0,2,0.03513155046592876
CUST0461,Inquiry,Low,2,64634,39,363,1,0,0,0,2024,4,10,2,0,-1.2195666804600973
CUST0462,Inquiry,Medium,34,47048,30,678,1,0,1,0,2024,2,6,2,2,0.03513155046592876
CUST0463,Follow-Up,Medium,27,51093,34,354,0,1,1,1,2024,10,23,2,0,0.03513155046592876
CUST0464,Follow-Up,High,32,106544,25,300,0,0,1,0,2024,5,10,0,2,-1.2195666804600973
CUST0465,Inquiry,Medium,89,63425,56,667,0,0,1,1,2023,11,17,2,1,-1.2195666804600973
CUST0466,Inquiry,Low,9,30739,38,412,1,1,1,0,2024,2,10,1,0,1.2898297813919548
CUST0467,Inquiry,Low,45,73327,46,588,0,1,1,0,2024,1,11,2,0,0.03513155046592876
CUST0468,Approval,High,33,91122,51,331,0,1,1,1,2023,12,20,0,1,0.03513155046592876
CUST0469,Inquiry,Medium,14,50290,44,540,1,0,1,0,2024,9,28,2,0,0.03513155046592876
CUST0470,Follow-Up,High,93,35235,56,742,1,0,1,1,2024,9,16,1,1,0.03513155046592876
CUST0471,Follow-Up,Medium,1,50146,48,703,1,1,1,0,2024,7,6,2,0,1.2898297813919548
CUST0472,Follow-Up,High,7,72287,54,625,1,0,0,1,2023,12,10,2,1,-1.2195666804600973
CUST0473,Approval,Medium,50,108234,27,691,1,1,1,0,2023,12,6,0,2,1.2898297813919548
CUST0474,Approval,Medium,57,36665,46,715,1,1,0,1,2024,5,13,1,0,0.03513155046592876
CUST0475,Approval,High,94,111968,30,690,0,0,1,0,2024,8,17,0,2,-1.2195666804600973
CUST0476,Approval,High,54,110689,34,745,1,0,0,1,2023,12,15,0,0,-1.2195666804600973
CUST0477,Follow-Up,High,22,116755,28,516,0,1,1,0,2024,1,2,0,2,0.03513155046592876
CUST0478,Approval,High,53,69472,42,477,1,1,1,0,2024,10,19,2,0,1.2898297813919548
CUST0479,Approval,Medium,64,94297,50,786,0,1,0,1,2024,1,27,0,0,-1.2195666804600973
CUST0480,Approval,Medium,49,105061,29,442,1,0,1,0,2023,12,16,0,2,0.03513155046592876
CUST0481,Inquiry,Low,45,102110,59,492,0,0,1,0,2023,11,30,0,1,-1.2195666804600973
CUST0482,Follow-Up,Medium,70,76934,55,693,0,1,0,0,2023,12,15,2,1,-1.2195666804600973
CUST0483,Approval,High,49,39552,36,668,0,1,1,0,2024,4,20,1,0,0.03513155046592876
CUST0484,Inquiry,High,13,71662,37,727,0,0,1,0,2024,5,25,2,0,-1.2195666804600973
CUST0485,Follow-Up,Medium,62,98864,41,457,1,0,1,0,2024,4,4,0,0,0.03513155046592876
CUST0486,Approval,Low,74,58830,49,595,1,1,1,1,2024,9,17,2,0,1.2898297813919548
CUST0487,Follow-Up,Low,84,54100,25,428,1,0,0,0,2024,11,5,2,2,-1.2195666804600973
CUST0488,Follow-Up,Medium,98,98236,32,437,1,1,1,0,2024,9,21,0,0,1.2898297813919548
CUST0489,Inquiry,High,88,38936,40,311,1,1,1,1,2024,7,1,1,0,1.2898297813919548
CUST0490,Approval,High,29,96209,49,373,0,1,0,1,2024,7,20,0,0,-1.2195666804600973
CUST0491,Follow-Up,Medium,21,50889,53,316,0,0,1,0,2024,2,23,2,1,-1.2195666804600973
CUST0492,Inquiry,Low,58,84516,40,447,0,1,1,0,2024,2,19,0,0,0.03513155046592876
CUST0493,Follow-Up,Medium,10,101182,27,798,1,1,1,0,2024,1,30,0,2,1.2898297813919548
CUST0494,Follow-Up,Medium,5,100390,37,747,1,1,1,0,2024,1,18,0,0,1.2898297813919548
CUST0495,Inquiry,Medium,38,82876,54,439,1,0,0,0,2023,11,24,0,1,-1.2195666804600973
CUST0496,Follow-Up,Medium,3,42051,31,386,1,1,0,0,2024,1,21,2,0,0.03513155046592876
CUST0497,Inquiry,High,41,75796,58,440,0,1,0,0,2024,7,20,2,1,-1.2195666804600973
CUST0498,Approval,High,34,58992,38,725,1,1,0,0,2024,3,27,2,0,0.03513155046592876
CUST0499,Follow-Up,Medium,14,57964,55,766,0,1,0,1,2024,5,3,2,1,-1.2195666804600973
CUST0500,Approval,Low,10,116944,49,735,0,1,1,1,2024,4,24,0,0,0.03513155046592876
CUST0501,Approval,Medium,44,73500,44,484,1,0,1,0,2024,3,18,2,0,0.03513155046592876
CUST0502,Follow-Up,High,22,73393,45,765,0,0,1,0,2023,11,29,2,0,-1.2195666804600973
CUST0503,Inquiry,High,49,77290,35,821,1,0,1,0,2024,1,14,2,0,0.03513155046592876
CUST0504,Follow-Up,Low,21,68479,65,734,0,1,1,1,2023,11,23,2,1,0.03513155046592876
CUST0505,Follow-Up,Medium,94,58632,27,760,0,1,1,0,2024,2,28,2,2,0.03513155046592876
CUST0506,Inquiry,High,10,111039,60,693,0,1,0,0,2024,8,25,0,1,-1.2195666804600973
CUST0507,Inquiry,High,71,99533,58,663,1,0,0,1,2024,5,18,0,1,-1.2195666804600973
CUST0508,Follow-Up,Medium,12,92240,32,531,1,1,1,1,2024,10,29,0,0,1.2898297813919548
CUST0509,Inquiry,Medium,44,103575,41,490,0,1,1,1,2024,3,8,0,0,0.03513155046592876
CUST0510,Approval,Low,77,115105,55,734,0,1,0,1,2024,9,18,0,1,-1.2195666804600973
CUST0511,Inquiry,Low,79,31153,65,307,0,1,0,0,2024,6,12,1,1,-1.2195666804600973
CUST0512,Approval,Low,62,45036,44,810,0,0,1,0,2024,4,12,2,0,-1.2195666804600973
CUST0513,Approval,Medium,91,117679,37,542,1,1,1,1,2024,9,28,0,0,1.2898297813919548
CUST0514,Approval,Medium,4,75351,48,813,0,1,1,1,2024,9,12,2,0,0.03513155046592876
CUST0515,Inquiry,Low,56,88414,28,575,1,1,1,0,2024,8,30,0,2,1.2898297813919548
CUST0516,Inquiry,High,84,61502,38,720,0,1,0,0,2024,5,16,2,0,-1.2195666804600973
CUST0517,Follow-Up,High,22,114182,32,675,1,1,1,0,2024,6,4,0,0,1.2898297813919548
CUST0518,Inquiry,Medium,78,110439,40,334,1,0,1,1,2024,5,19,0,0,0.03513155046592876
CUST0519,Inquiry,High,56,111412,65,338,1,1,1,1,2024,3,22,0,1,1.2898297813919548
CUST0520,Approval,Medium,21,61958,52,794,1,1,1,0,2024,7,28,2,1,1.2898297813919548
CUST0521,Inquiry,Low,7,35226,45,677,1,0,0,0,2024,2,18,1,0,-1.2195666804600973
CUST0522,Inquiry,Medium,13,119463,25,415,1,1,1,0,2024,3,8,0,2,1.2898297813919548
CUST0523,Approval,Medium,43,72065,35,793,1,1,1,1,2024,5,16,2,0,1.2898297813919548
CUST0524,Inquiry,Medium,27,79987,42,381,0,0,1,1,2024,3,12,2,0,-1.2195666804600973
CUST0525,Approval,High,25,44860,62,445,1,1,1,1,2024,9,22,2,1,1.2898297813919548
CUST0526,Inquiry,Medium,53,80577,32,839,1,0,0,0,2024,3,31,0,0,-1.2195666804600973
CUST0527,Inquiry,High,90,63631,50,586,1,1,1,0,2023,11,20,2,0,1.2898297813919548
CUST0528,Follow-Up,Low,71,100809,40,776,0,1,1,0,2024,3,24,0,0,0.03513155046592876
CUST0529,Inquiry,Low,93,67070,25,829,1,1,1,0,2024,5,31,2,2,1.2898297813919548
CUST0530,Approval,High,94,33238,27,380,0,1,1,1,2024,10,7,1,2,0.03513155046592876
CUST0531,Inquiry,Medium,70,97746,62,835,1,0,0,1,2024,6,10,0,1,-1.2195666804600973
CUST0532,Follow-Up,Low,34,79146,55,390,1,1,1,1,2024,10,19,2,1,1.2898297813919548
CUST0533,Inquiry,Medium,85,97411,63,551,1,1,1,1,2023,11,13,0,1,1.2898297813919548
CUST0534,Inquiry,High,37,96680,34,783,1,0,1,0,2024,9,13,0,0,0.03513155046592876
CUST0535,Approval,Medium,39,88400,48,379,0,1,1,1,2024,10,30,0,0,0.03513155046592876
CUST0536,Follow-Up,Low,31,93806,30,619,1,1,1,1,2024,5,19,0,2,1.2898297813919548
CUST0537,Inquiry,Medium,13,35747,40,354,1,1,1,1,2023,12,15,1,0,1.2898297813919548
CUST0538,Inquiry,Low,7,68854,35,651,1,0,1,0,2024,9,16,2,0,0.03513155046592876
CUST0539,Approval,Medium,51,115397,56,847,1,1,0,0,2023,11,30,0,1,0.03513155046592876
CUST0540,Inquiry,Low,74,55232,30,311,0,0,1,0,2024,8,18,2,2,-1.2195666804600973
CUST0541,Inquiry,Low,71,71984,64,780,1,1,0,1,2024,7,9,2,1,0.03513155046592876
CUST0542,Inquiry,Low,63,97357,46,764,1,0,0,0,2024,2,20,0,0,-1.2195666804600973
CUST0543,Follow-Up,High,20,40793,65,824,1,1,0,0,2024,8,13,2,1,0.03513155046592876
CUST0544,Inquiry,High,7,42577,28,780,0,1,0,0,2024,2,2,2,2,-1.2195666804600973
CUST0545,Approval,High,47,51940,28,639,0,1,0,0,2024,8,21,2,2,-1.2195666804600973
CUST0546,Follow-Up,Medium,1,100513,47,731,1,1,1,0,2024,5,25,0,0,1.2898297813919548
CUST0547,Inquiry,Medium,55,99888,34,661,0,1,1,0,2024,1,29,0,0,0.03513155046592876
CUST0548,Inquiry,Medium,12,30960,59,601,1,1,1,0,2024,4,6,1,1,1.2898297813919548
CUST0549,Follow-Up,Low,38,112173,31,596,1,1,1,0,2024,3,19,0,0,1.2898297813919548
CUST0550,Inquiry,Medium,85,38581,33,471,1,1,1,1,2024,7,15,1,0,1.2898297813919548
CUST0551,Inquiry,High,81,57627,56,336,0,0,1,0,2024,4,17,2,1,-1.2195666804600973
CUST0552,Approval,High,77,117862,39,611,1,1,1,1,2023,12,24,0,0,1.2898297813919548
CUST0553,Follow-Up,Low,62,112511,45,566,1,1,0,0,2024,8,8,0,0,0.03513155046592876
CUST0554,Approval,Low,26,57941,60,362,1,1,1,0,2024,8,7,2,1,1.2898297813919548
CUST0555,Inquiry,Medium,13,119837,47,784,1,1,1,1,2023,12,19,0,0,1.2898297813919548
CUST0556,Approval,Low,4,85601,53,473,0,1,1,0,2023,12,10,0,1,0.03513155046592876
CUST0557,Inquiry,High,27,43621,37,352,0,0,1,0,2024,4,3,2,0,-1.2195666804600973
CUST0558,Follow-Up,High,22,56945,26,598,1,0,0,0,2024,4,22,2,2,-1.2195666804600973
CUST0559,Follow-Up,High,82,100484,49,327,0,1,1,1,2024,10,27,0,0,0.03513155046592876
CUST0560,Follow-Up,High,38,87047,47,593,0,1,1,0,2024,1,1,0,0,0.03513155046592876
CUST0561,Approval,Low,11,114746,33,796,1,0,0,1,2024,8,1,0,0,-1.2195666804600973
CUST0562,Approval,Medium,61,39452,41,384,0,0,1,0,2024,3,25,1,0,-1.2195666804600973
CUST0563,Inquiry,Medium,15,119921,27,429,1,1,0,0,2024,1,12,0,2,0.03513155046592876
CUST0564,Follow-Up,Low,40,50152,56,817,1,0,1,0,2024,4,5,2,1,0.03513155046592876
CUST0565,Approval,Medium,51,33113,53,378,1,1,1,0,2024,4,25,1,1,1.2898297813919548
CUST0566,Inquiry,High,61,90191,60,584,1,1,1,0,2024,11,8,0,1,1.2898297813919548
CUST0567,Approval,Low,63,73478,43,558,0,1,1,0,2023,11,16,2,0,0.03513155046592876
CUST0568,Inquiry,Low,85,34965,59,435,1,1,1,0,2024,7,24,1,1,1.2898297813919548
CUST0569,Approval,High,34,41471,56,587,1,0,1,1,2024,7,28,2,1,0.03513155046592876
CUST0570,Approval,Medium,12,39600,37,581,0,0,1,0,2024,6,21,1,0,-1.2195666804600973
CUST0571,Approval,Low,83,37113,61,563,1,1,1,0,2023,11,16,1,1,1.2898297813919548
CUST0572,Follow-Up,Medium,70,53329,36,314,0,0,1,1,2024,10,9,2,0,-1.2195666804600973
CUST0573,Follow-Up,High,50,63018,59,414,1,1,0,0,2024,1,20,2,1,0.03513155046592876
CUST0574,Approval,Medium,24,103149,47,478,1,1,0,0,2024,9,19,0,0,0.03513155046592876
CUST0575,Inquiry,Low,48,39232,45,454,1,0,1,1,2024,2,10,1,0,0.03513155046592876
CUST0576,Inquiry,Low,49,105361,54,757,1,1,1,1,2024,8,7,0,1,1.2898297813919548
CUST0577,Follow-Up,Medium,48,59837,42,678,0,0,1,0,2024,5,7,2,0,-1.2195666804600973
CUST0578,Follow-Up,Low,24,63901,63,479,0,0,1,1,2024,5,28,2,1,-1.2195666804600973
CUST0579,Follow-Up,Medium,58,83429,60,567,1,1,1,0,2024,8,2,0,1,1.2898297813919548
CUST0580,Approval,Low,6,80860,35,541,1,1,1,0,2024,3,21,0,0,1.2898297813919548
CUST0581,Inquiry,Low,34,89129,29,796,1,1,1,0,2024,9,13,0,2,1.2898297813919548
CUST0582,Follow-Up,Low,57,112603,58,485,1,0,1,1,2024,6,29,0,1,0.03513155046592876
CUST0583,Approval,Medium,60,83011,34,840,0,0,1,0,2023,12,3,0,0,-1.2195666804600973
CUST0584,Follow-Up,Low,34,86757,53,333,1,1,1,0,2024,3,5,0,1,1.2898297813919548
CUST0585,Inquiry,Low,29,71471,43,651,1,0,0,0,2024,2,14,2,0,-1.2195666804600973
CUST0586,Inquiry,Medium,35,32213,41,386,1,1,1,0,2023,12,19,1,0,1.2898297813919548
CUST0587,Follow-Up,Medium,73,81052,59,448,1,1,1,0,2024,6,3,0,1,1.2898297813919548
CUST0588,Approval,High,8,118250,48,457,1,1,1,0,2024,1,10,0,0,1.2898297813919548
CUST0589,Inquiry,Medium,20,45506,54,807,1,1,0,0,2024,4,26,2,1,0.03513155046592876
CUST0590,Inquiry,Medium,97,100101,25,722,1,1,0,0,2024,1,3,0,2,0.03513155046592876
CUST0591,Inquiry,Low,90,30773,65,692,1,1,0,0,2024,4,24,1,1,0.03513155046592876
CUST0592,Follow-Up,High,86,114072,57,543,1,0,0,0,2024,1,15,0,1,-1.2195666804600973
CUST0593,Approval,Medium,13,111048,49,750,1,1,1,0,2024,9,13,0,0,1.2898297813919548
CUST0594,Approval,Low,11,38288,36,471,0,1,0,0,2024,5,16,1,0,-1.2195666804600973
CUST0595,Approval,Medium,86,106756,26,515,1,0,0,1,2024,5,14,0,2,-1.2195666804600973
CUST0596,Approval,Low,45,35965,64,653,1,1,0,0,2024,3,21,1,1,0.03513155046592876
CUST0597,Approval,Low,70,39514,48,355,0,0,1,0,2023,12,30,1,0,-1.2195666804600973
CUST0598,Follow-Up,Low,53,76884,64,570,1,0,1,0,2024,8,14,2,1,0.03513155046592876
CUST0599,Follow-Up,High,97,95907,40,418,1,1,1,0,2023,12,2,0,0,1.2898297813919548
CUST0600,Approval,Low,76,43911,45,353,0,1,0,0,2023,11,15,2,0,-1.2195666804600973
CUST0601,Approval,Medium,30,67989,29,471,0,1,0,0,2024,6,11,2,2,-1.2195666804600973
CUST0602,Follow-Up,Medium,71,119899,59,775,0,1,1,0,2024,1,1,0,1,0.03513155046592876
CUST0603,Follow-Up,Low,8,69498,49,708,1,0,0,0,2024,1,13,2,0,-1.2195666804600973
CUST0604,Approval,Low,50,109503,37,787,1,0,0,0,2024,9,28,0,0,-1.2195666804600973
CUST0605,Approval,Low,67,41338,58,608,1,1,1,0,2023,12,2,2,1,1.2898297813919548
CUST0606,Follow-Up,High,54,66899,56,787,1,1,1,0,2024,9,3,2,1,1.2898297813919548
CUST0607,Inquiry,Low,69,87367,60,845,1,1,0,0,2024,6,3,0,1,0.03513155046592876
CUST0608,Approval,High,88,79992,34,539,0,1,1,0,2024,9,11,2,0,0.03513155046592876
CUST0609,Inquiry,Low,61,81788,64,688,0,1,0,0,2024,7,11,0,1,-1.2195666804600973
CUST0610,Approval,Medium,74,116602,43,699,0,1,0,0,2024,6,7,0,0,-1.2195666804600973
CUST0611,Approval,High,31,34039,45,785,1,1,1,0,2024,9,12,1,0,1.2898297813919548
CUST0612,Approval,Low,61,92126,51,568,1,1,1,1,2024,8,9,0,1,1.2898297813919548
CUST0613,Approval,Low,39,50489,45,448,1,1,1,0,2024,5,3,2,0,1.2898297813919548
CUST0614,Inquiry,Low,11,99922,32,843,1,1,1,0,2023,11,21,0,0,1.2898297813919548
CUST0615,Follow-Up,Low,51,58818,31,745,1,1,1,1,2024,8,30,2,0,1.2898297813919548
CUST0616,Follow-Up,Medium,92,47875,58,312,1,0,1,1,2024,2,23,2,1,0.03513155046592876
CUST0617,Inquiry,High,5,81248,29,595,0,0,1,0,2024,4,26,0,2,-1.2195666804600973
CUST0618,Follow-Up,Low,65,101529,27,759,0,1,1,0,2024,4,10,0,2,0.03513155046592876
CUST0619,Follow-Up,High,74,68663,33,691,1,0,0,1,2024,1,10,2,0,-1.2195666804600973
CUST0620,Follow-Up,High,67,113105,36,623,0,1,1,1,2024,9,1,0,0,0.03513155046592876
CUST0621,Follow-Up,Low,74,48884,27,842,1,1,1,0,2024,1,21,2,2,1.2898297813919548
CUST0622,Follow-Up,Low,87,69066,37,342,0,1,1,0,2024,4,28,2,0,0.03513155046592876
CUST0623,Approval,High,80,118773,31,399,1,1,1,0,2024,4,8,0,0,1.2898297813919548
CUST0624,Inquiry,High,19,114926,56,844,1,1,1,0,2024,8,7,0,1,1.2898297813919548
CUST0625,Follow-Up,High,16,78906,37,662,0,0,1,0,2024,3,6,2,0,-1.2195666804600973
CUST0626,Follow-Up,Medium,97,31461,31,742,1,1,1,0,2023,12,21,1,0,1.2898297813919548
CUST0627,Follow-Up,Medium,58,102551,27,579,0,1,0,0,2024,2,9,0,2,-1.2195666804600973
CUST0628,Approval,Medium,23,102754,61,643,1,1,1,1,2023,11,21,0,1,1.2898297813919548
CUST0629,Follow-Up,High,22,48530,49,576,1,1,0,0,2023,12,16,2,0,0.03513155046592876
CUST0630,Follow-Up,Medium,28,46152,56,573,1,1,1,0,2024,8,14,2,1,1.2898297813919548
CUST0631,Inquiry,Low,25,35475,58,400,1,1,0,1,2024,1,31,1,1,0.03513155046592876
CUST0632,Approval,High,17,30659,64,561,1,1,0,1,2024,8,17,1,1,0.03513155046592876
CUST0633,Follow-Up,Medium,6,105067,62,700,1,1,1,0,2024,3,5,0,1,1.2898297813919548
CUST0634,Inquiry,Low,55,108204,41,772,1,1,1,0,2024,6,16,0,0,1.2898297813919548
CUST0635,Inquiry,Low,11,81653,28,547,0,0,1,0,2024,8,31,0,2,-1.2195666804600973
CUST0636,Inquiry,Medium,88,100405,48,499,0,1,0,0,2024,8,7,0,0,-1.2195666804600973
CUST0637,Inquiry,Low,56,101765,39,832,1,1,1,0,2024,6,2,0,0,1.2898297813919548
CUST0638,Follow-Up,Low,26,41157,63,645,1,1,1,0,2024,3,25,2,1,1.2898297813919548
CUST0639,Inquiry,High,81,69936,29,484,1,1,1,0,2023,12,29,2,2,1.2898297813919548
CUST0640,Approval,Low,19,57532,25,620,0,1,1,0,2024,10,14,2,2,0.03513155046592876
CUST0641,Approval,High,77,75069,38,310,1,0,1,0,2024,5,11,2,0,0.03513155046592876
CUST0642,Follow-Up,Low,34,57752,56,308,0,1,0,0,2024,11,6,2,1,-1.2195666804600973
CUST0643,Inquiry,High,41,84087,30,369,1,1,0,0,2024,3,7,0,2,0.03513155046592876
CUST0644,Approval,Low,94,114663,54,312,1,0,0,0,2024,9,2,0,1,-1.2195666804600973
CUST0645,Inquiry,Medium,9,97181,65,721,1,1,1,0,2024,8,3,0,1,1.2898297813919548
CUST0646,Approval,Low,12,48671,28,400,1,0,0,1,2024,4,28,2,2,-1.2195666804600973
CUST0647,Approval,Medium,50,51096,48,837,1,1,1,0,2024,1,28,2,0,1.2898297813919548
CUST0648,Approval,Low,72,54116,60,406,0,1,0,0,2024,2,26,2,1,-1.2195666804600973
CUST0649,Follow-Up,Medium,51,58939,51,756,1,1,0,1,2023,12,12,2,1,0.03513155046592876
CUST0650,Approval,Medium,71,110856,48,659,1,0,1,0,2024,3,2,0,0,0.03513155046592876
CUST0651,Inquiry,High,42,63127,28,524,1,0,0,0,2024,4,15,2,2,-1.2195666804600973
CUST0652,Follow-Up,Medium,36,55470,64,590,1,1,1,0,2023,11,26,2,1,1.2898297813919548
CUST0653,Follow-Up,Low,67,45023,42,557,1,1,1,0,2024,3,4,2,0,1.2898297813919548
CUST0654,Approval,Medium,59,53770,58,497,1,1,1,1,2024,4,12,2,1,1.2898297813919548
CUST0655,Follow-Up,Low,2,117946,27,334,1,1,1,0,2023,11,13,0,2,1.2898297813919548
CUST0656,Approval,Medium,90,104356,29,324,1,0,1,0,2024,3,28,0,2,0.03513155046592876
CUST0657,Inquiry,Low,80,37128,44,394,1,1,1,0,2024,3,5,1,0,1.2898297813919548
CUST0658,Follow-Up,Low,76,101939,29,358,1,1,1,0,2024,8,17,0,2,1.2898297813919548
CUST0659,Approval,Low,67,90458,38,522,0,1,0,0,2024,9,29,0,0,-1.2195666804600973
CUST0660,Follow-Up,Low,54,114498,58,424,1,1,1,0,2024,1,26,0,1,1.2898297813919548
CUST0661,Follow-Up,Low,15,102045,31,422,0,1,1,0,2024,10,26,0,0,0.03513155046592876
CUST0662,Inquiry,Medium,54,39587,31,388,0,0,1,1,2024,7,21,1,0,-1.2195666804600973
CUST0663,Approval,Low,20,68096,39,433,1,1,1,0,2024,6,14,2,0,1.2898297813919548
CUST0664,Approval,Medium,19,118039,59,684,1,1,1,0,2024,10,25,0,1,1.2898297813919548
CUST0665,Inquiry,High,73,38829,49,489,0,1,1,0,2024,6,23,1,0,0.03513155046592876
CUST0666,Inquiry,High,76,62858,37,413,1,1,0,0,2024,7,18,2,0,0.03513155046592876
CUST0667,Approval,Medium,75,42871,37,488,0,1,0,0,2024,2,9,2,0,-1.2195666804600973
CUST0668,Follow-Up,Low,98,55875,58,559,0,0,1,0,2024,6,16,2,1,-1.2195666804600973
CUST0669,Inquiry,Medium,13,106099,40,601,0,0,1,0,2024,8,16,0,0,-1.2195666804600973
CUST0670,Inquiry,High,14,93857,61,778,0,0,1,0,2024,3,21,0,1,-1.2195666804600973
CUST0671,Follow-Up,Medium,73,73365,65,377,1,0,1,0,2024,1,26,2,1,0.03513155046592876
CUST0672,Approval,Medium,100,76810,36,764,1,0,0,1,2024,3,2,2,0,-1.2195666804600973
CUST0673,Follow-Up,Low,13,46805,60,583,1,1,0,0,2024,2,3,2,1,0.03513155046592876
CUST0674,Inquiry,High,37,117988,60,737,1,1,1,0,2024,2,23,0,1,1.2898297813919548
CUST0675,Follow-Up,Low,69,115914,51,631,1,1,0,0,2024,9,14,0,1,0.03513155046592876
CUST0676,Approval,Low,45,60740,31,563,1,1,1,1,2024,1,22,2,0,1.2898297813919548
CUST0677,Inquiry,Medium,53,43113,65,465,1,0,0,0,2024,9,13,2,1,-1.2195666804600973
CUST0678,Follow-Up,Medium,34,67373,61,375,1,1,0,0,2024,6,26,2,1,0.03513155046592876
CUST0679,Approval,Medium,50,111201,47,583,0,1,0,1,2024,2,6,0,0,-1.2195666804600973
CUST0680,Approval,Medium,84,39149,54,363,1,1,1,1,2024,5,7,1,1,1.2898297813919548
CUST0681,Approval,Low,63,55362,52,691,0,0,1,1,2024,2,7,2,1,-1.2195666804600973
CUST0682,Approval,Low,74,71652,31,697,1,0,1,0,2024,10,20,2,0,0.03513155046592876
CUST0683,Approval,Medium,78,93682,35,640,1,0,0,0,2024,3,30,0,0,-1.2195666804600973
CUST0684,Approval,Medium,61,89067,36,361,0,1,0,0,2024,2,5,0,0,-1.2195666804600973
CUST0685,Inquiry,High,5,73036,60,564,1,0,1,1,2024,7,22,2,1,0.03513155046592876
CUST0686,Approval,Low,23,110785,50,571,1,0,0,0,2024,4,7,0,0,-1.2195666804600973
CUST0687,Approval,Low,36,116431,57,482,1,1,0,0,2024,9,19,0,1,0.03513155046592876
CUST0688,Approval,Low,52,70065,46,751,1,1,1,0,2023,12,12,2,0,1.2898297813919548
CUST0689,Follow-Up,Medium,19,106568,35,371,0,0,1,1,2024,7,7,0,0,-1.2195666804600973
CUST0690,Inquiry,Medium,80,49974,59,803,0,0,1,0,2024,6,11,2,1,-1.2195666804600973
CUST0691,Inquiry,Medium,78,104128,63,505,0,1,0,0,2024,10,25,0,1,-1.2195666804600973
CUST0692,Follow-Up,High,88,104299,53,702,1,1,0,0,2024,3,25,0,1,0.03513155046592876
CUST0693,Approval,Medium,89,77774,47,482,1,1,1,0,2024,6,29,2,0,1.2898297813919548
CUST0694,Follow-Up,High,52,71462,45,803,0,1,1,0,2024,5,16,2,0,0.03513155046592876
CUST0695,Follow-Up,Medium,5,86139,60,411,1,0,1,0,2024,9,27,0,1,0.03513155046592876
CUST0696,Follow-Up,Low,51,52103,45,447,1,0,1,0,2024,3,31,2,0,0.03513155046592876
CUST0697,Inquiry,High,43,30633,48,741,0,1,1,0,2024,9,11,1,0,0.03513155046592876
CUST0698,Inquiry,Medium,89,71053,51,523,1,1,1,0,2024,7,12,2,1,1.2898297813919548
CUST0699,Inquiry,Medium,31,62266,65,408,0,0,1,0,2024,7,26,2,1,-1.2195666804600973
CUST0700,Approval,Low,7,59035,52,752,1,1,1,0,2024,1,14,2,1,1.2898297813919548
CUST0701,Approval,Medium,96,113995,45,565,1,1,1,0,2023,11,24,0,0,1.2898297813919548
CUST0702,Follow-Up,Low,61,87163,63,405,0,1,1,0,2024,5,15,0,1,0.03513155046592876
CUST0703,Inquiry,Medium,35,66264,40,335,1,0,0,0,2023,11,13,2,0,-1.2195666804600973
CUST0704,Inquiry,High,48,77118,61,374,1,0,0,0,2024,1,3,2,1,-1.2195666804600973
CUST0705,Approval,High,3,47603,59,372,1,0,0,0,2023,12,23,2,1,-1.2195666804600973
CUST0706,Approval,Low,44,119073,38,556,0,1,1,1,2024,4,5,0,0,0.03513155046592876
CUST0707,Inquiry,Medium,39,73458,49,756,1,1,1,0,2024,8,18,2,0,1.2898297813919548
CUST0708,Inquiry,Low,40,92908,60,319,1,1,1,1,2023,12,31,0,1,1.2898297813919548
CUST0709,Approval,Low,36,90666,41,809,0,1,1,0,2024,8,31,0,0,0.03513155046592876
CUST0710,Approval,Medium,63,88373,48,452,1,1,0,0,2024,7,28,0,0,0.03513155046592876
CUST0711,Inquiry,High,90,77020,53,300,1,1,1,1,2024,7,28,2,1,1.2898297813919548
CUST0712,Follow-Up,High,88,70038,53,338,0,0,1,0,2024,10,11,2,1,-1.2195666804600973
CUST0713,Follow-Up,Low,13,93828,50,699,1,1,1,0,2024,1,24,0,0,1.2898297813919548
CUST0714,Follow-Up,Low,30,102308,25,572,1,0,0,0,2024,5,15,0,2,-1.2195666804600973
CUST0715,Follow-Up,Low,18,44264,27,455,1,1,1,0,2024,2,12,2,2,1.2898297813919548
CUST0716,Inquiry,High,39,53038,43,637,0,0,1,1,2024,6,20,2,0,-1.2195666804600973
CUST0717,Follow-Up,High,96,114613,63,700,0,1,1,1,2024,1,10,0,1,0.03513155046592876
CUST0718,Follow-Up,High,57,109511,26,303,1,1,1,1,2024,2,9,0,2,1.2898297813919548
CUST0719,Approval,Low,100,40744,58,827,1,1,1,0,2024,8,16,2,1,1.2898297813919548
CUST0720,Follow-Up,Low,42,66780,33,802,1,0,0,1,2024,5,29,2,0,-1.2195666804600973
CUST0721,Approval,High,35,48350,44,789,1,1,0,1,2023,11,16,2,0,0.03513155046592876
CUST0722,Approval,Low,94,100597,25,746,1,0,0,0,2024,6,14,0,2,-1.2195666804600973
CUST0723,Inquiry,High,54,55746,44,713,1,1,1,0,2024,6,15,2,0,1.2898297813919548
CUST0724,Inquiry,High,78,64502,39,371,1,1,1,1,2024,1,22,2,0,1.2898297813919548
CUST0725,Inquiry,High,83,112132,38,531,1,1,1,0,2024,6,27,0,0,1.2898297813919548
CUST0726,Inquiry,Medium,12,40022,45,303,1,0,1,1,2024,2,21,2,0,0.03513155046592876
CUST0727,Approval,Medium,25,39882,26,693,1,0,1,0,2023,11,29,1,2,0.03513155046592876
CUST0728,Inquiry,Low,57,32441,42,793,1,0,1,1,2024,9,23,1,0,0.03513155046592876
CUST0729,Approval,Medium,28,96476,60,424,0,1,0,0,2024,9,2,0,1,-1.2195666804600973
CUST0730,Inquiry,High,53,112788,57,848,1,1,0,0,2024,4,14,0,1,0.03513155046592876
CUST0731,Follow-Up,Low,95,34088,60,667,1,0,0,0,2024,10,11,1,1,-1.2195666804600973
CUST0732,Follow-Up,High,63,106269,61,641,1,0,0,1,2024,6,22,0,1,-1.2195666804600973
CUST0733,Approval,High,98,105877,61,610,1,0,1,0,2023,12,11,0,1,0.03513155046592876
CUST0734,Follow-Up,Low,67,83101,34,710,1,0,1,0,2024,9,7,0,0,0.03513155046592876
CUST0735,Follow-Up,High,48,107337,31,356,1,0,1,0,2023,11,17,0,0,0.03513155046592876
CUST0736,Approval,Medium,8,57886,27,392,1,0,0,1,2024,9,4,2,2,-1.2195666804600973
CUST0737,Follow-Up,Low,66,34804,54,674,1,0,0,0,2024,7,6,1,1,-1.2195666804600973
CUST0738,Follow-Up,Medium,21,102298,47,847,1,0,1,1,2024,8,28,0,0,0.03513155046592876
CUST0739,Follow-Up,Medium,9,64159,34,648,1,1,1,0,2023,11,12,2,0,1.2898297813919548
CUST0740,Inquiry,Low,40,101233,33,382,1,1,0,0,2024,5,30,0,0,0.03513155046592876
CUST0741,Approval,High,91,100736,41,770,1,1,0,0,2024,7,7,0,0,0.03513155046592876
CUST0742,Inquiry,Medium,65,91879,48,596,1,0,1,0,2023,11,30,0,0,0.03513155046592876
CUST0743,Follow-Up,Medium,52,115709,62,507,1,1,1,1,2024,4,23,0,1,1.2898297813919548
CUST0744,Follow-Up,Medium,18,49481,40,480,1,0,0,0,2024,3,5,2,0,-1.2195666804600973
CUST0745,Inquiry,Low,100,77948,39,340,1,0,0,0,2024,8,30,2,0,-1.2195666804600973
CUST0746,Follow-Up,High,68,81445,41,693,0,0,1,1,2024,1,20,0,0,-1.2195666804600973
CUST0747,Approval,High,73,59269,44,495,0,1,1,0,2023,12,23,2,0,0.03513155046592876
CUST0748,Approval,Low,4,107280,30,606,0,1,1,0,2024,6,26,0,2,0.03513155046592876
CUST0749,Approval,Low,23,68141,61,699,1,1,1,1,2023,12,25,2,1,1.2898297813919548
CUST0750,Follow-Up,High,25,47548,50,409,1,1,1,0,2024,4,12,2,0,1.2898297813919548
CUST0751,Approval,Low,26,90909,61,667,1,0,0,0,2024,5,2,0,1,-1.2195666804600973
CUST0752,Approval,Low,8,95683,38,798,1,1,1,1,2024,3,24,0,0,1.2898297813919548
CUST0753,Follow-Up,Low,32,96900,29,386,0,0,1,0,2024,10,3,0,2,-1.2195666804600973
CUST0754,Inquiry,High,5,41869,45,748,0,1,0,0,2023,12,22,2,0,-1.2195666804600973
CUST0755,Inquiry,High,59,82007,55,494,1,1,1,0,2024,9,24,0,1,1.2898297813919548
CUST0756,Follow-Up,Medium,7,77692,36,443,1,1,1,1,2024,4,18,2,0,1.2898297813919548
CUST0757,Approval,High,47,95820,56,336,1,1,1,0,2024,2,21,0,1,1.2898297813919548
CUST0758,Inquiry,High,91,31388,61,497,1,1,1,0,2024,6,21,1,1,1.2898297813919548
CUST0759,Inquiry,Medium,26,116858,31,325,0,1,1,1,2023,11,21,0,0,0.03513155046592876
CUST0760,Inquiry,Medium,36,61310,63,544,1,1,1,1,2024,5,6,2,1,1.2898297813919548
CUST0761,Follow-Up,High,48,110482,44,800,1,0,0,0,2024,3,23,0,0,-1.2195666804600973
CUST0762,Inquiry,Low,60,119674,27,698,1,1,0,0,2024,3,6,0,2,0.03513155046592876
CUST0763,Inquiry,Medium,65,51737,61,364,0,1,0,0,2024,5,27,2,1,-1.2195666804600973
CUST0764,Follow-Up,High,51,97388,49,615,1,1,0,1,2024,1,18,0,0,0.03513155046592876
CUST0765,Follow-Up,High,82,48398,30,811,1,1,0,0,2024,11,9,2,2,0.03513155046592876
CUST0766,Follow-Up,Medium,16,88487,28,846,1,0,0,0,2024,9,24,0,2,-1.2195666804600973
CUST0767,Inquiry,Low,88,50869,46,760,0,1,1,1,2024,3,21,2,0,0.03513155046592876
CUST0768,Inquiry,Low,4,53480,47,316,0,0,1,1,2023,12,21,2,0,-1.2195666804600973
CUST0769,Follow-Up,High,31,104233,52,337,0,1,0,0,2023,12,6,0,1,-1.2195666804600973
CUST0770,Approval,Medium,48,104162,51,647,1,1,1,1,2023,11,19,0,1,1.2898297813919548
CUST0771,Follow-Up,Medium,63,116430,32,357,0,1,1,0,2024,5,11,0,0,0.03513155046592876
CUST0772,Inquiry,Medium,77,49162,39,645,0,1,1,1,2024,10,9,2,0,0.03513155046592876
CUST0773,Inquiry,Low,58,93373,63,343,0,1,1,0,2024,2,11,0,1,0.03513155046592876
CUST0774,Follow-Up,Low,23,77028,25,715,1,0,0,0,2024,4,21,2,2,-1.2195666804600973
CUST0775,Approval,Low,61,35297,65,421,1,1,0,1,2024,7,22,1,1,0.03513155046592876
CUST0776,Approval,Medium,76,58681,65,516,1,1,1,0,2024,4,5,2,1,1.2898297813919548
CUST0777,Inquiry,High,71,93916,49,835,1,0,1,0,2024,7,25,0,0,0.03513155046592876
CUST0778,Approval,Low,45,60375,28,769,1,0,1,1,2024,3,2,2,2,0.03513155046592876
CUST0779,Approval,Medium,45,38239,44,849,1,0,0,1,2024,6,26,1,0,-1.2195666804600973
CUST0780,Approval,Medium,21,64649,58,452,1,0,1,0,2024,5,29,2,1,0.03513155046592876
CUST0781,Follow-Up,High,34,78422,27,538,1,1,0,0,2024,6,18,2,2,0.03513155046592876
CUST0782,Inquiry,High,96,60673,45,373,0,1,1,0,2024,5,22,2,0,0.03513155046592876
CUST0783,Follow-Up,Medium,89,35610,59,337,0,0,1,0,2024,2,4,1,1,-1.2195666804600973
CUST0784,Approval,High,12,117632,61,444,1,1,1,0,2024,1,20,0,1,1.2898297813919548
CUST0785,Inquiry,Low,37,57102,34,800,0,1,1,0,2024,9,5,2,0,0.03513155046592876
CUST0786,Follow-Up,Medium,4,97880,45,319,1,1,0,1,2024,1,26,0,0,0.03513155046592876
CUST0787,Inquiry,Low,50,77349,57,782,1,0,1,0,2024,3,7,2,1,0.03513155046592876
CUST0788,Follow-Up,Medium,7,80868,39,346,1,0,1,0,2024,5,19,0,0,0.03513155046592876
CUST0789,Inquiry,Low,21,91561,34,548,1,1,1,0,2023,11,27,0,0,1.2898297813919548
CUST0790,Follow-Up,High,74,89591,28,433,0,0,1,1,2024,10,17,0,2,-1.2195666804600973
CUST0791,Approval,High,100,36086,50,314,1,1,1,0,2024,10,18,1,0,1.2898297813919548
CUST0792,Follow-Up,Low,28,35230,53,476,1,1,0,0,2024,9,21,1,1,0.03513155046592876
CUST0793,Approval,Medium,29,115003,63,351,0,1,0,0,2023,12,26,0,1,-1.2195666804600973
CUST0794,Follow-Up,Medium,83,72476,61,614,1,1,1,0,2024,3,20,2,1,1.2898297813919548
CUST0795,Approval,Low,29,43529,57,399,1,0,1,0,2024,11,2,2,1,0.03513155046592876
CUST0796,Approval,Low,87,98337,30,767,1,0,1,1,2024,9,8,0,2,0.03513155046592876
CUST0797,Follow-Up,High,27,113042,39,474,1,0,1,1,2024,8,22,0,0,0.03513155046592876
CUST0798,Follow-Up,High,35,65847,52,365,0,1,1,0,2024,3,30,2,1,0.03513155046592876
CUST0799,Inquiry,Low,84,64513,43,408,1,1,0,0,2024,3,22,2,0,0.03513155046592876
CUST0800,Follow-Up,Low,53,105842,50,416,0,1,1,1,2024,11,10,0,0,0.03513155046592876
CUST0801,Inquiry,Medium,66,101349,34,809,1,1,1,1,2024,4,5,0,0,1.2898297813919548
CUST0802,Follow-Up,Medium,3,104732,33,525,1,1,1,0,2024,7,30,0,0,1.2898297813919548
CUST0803,Inquiry,Low,100,52786,46,364,0,1,0,0,2023,11,24,2,0,-1.2195666804600973
CUST0804,Approval,Medium,99,79369,30,507,1,1,1,0,2024,9,4,2,2,1.2898297813919548
CUST0805,Follow-Up,High,88,115678,55,736,0,1,0,0,2023,12,14,0,1,-1.2195666804600973
CUST0806,Approval,Medium,2,79613,61,645,0,0,1,1,2024,6,9,2,1,-1.2195666804600973
CUST0807,Follow-Up,Low,61,77880,28,711,1,1,0,1,2024,8,21,2,2,0.03513155046592876
CUST0808,Inquiry,High,17,107028,60,632,0,1,0,1,2024,6,23,0,1,-1.2195666804600973
CUST0809,Follow-Up,High,83,115634,50,423,1,1,1,0,2024,9,24,0,0,1.2898297813919548
CUST0810,Inquiry,High,23,40202,41,440,1,0,0,0,2023,12,11,2,0,-1.2195666804600973
CUST0811,Inquiry,Medium,77,97720,30,629,1,1,1,1,2024,5,10,0,2,1.2898297813919548
CUST0812,Follow-Up,Medium,2,62975,50,518,1,1,1,1,2024,7,5,2,0,1.2898297813919548
CUST0813,Approval,High,29,79326,57,346,1,0,0,0,2024,9,29,2,1,-1.2195666804600973
CUST0814,Follow-Up,High,33,59215,52,477,0,1,0,1,2024,5,4,2,1,-1.2195666804600973
CUST0815,Approval,Medium,78,97681,33,643,1,0,1,1,2023,12,6,0,0,0.03513155046592876
CUST0816,Inquiry,Medium,40,83194,33,364,1,0,1,0,2023,12,14,0,0,0.03513155046592876
CUST0817,Follow-Up,High,92,76255,55,423,1,1,0,0,2024,8,18,2,1,0.03513155046592876
CUST0818,Follow-Up,Medium,91,75224,60,580,1,1,1,0,2024,10,15,2,1,1.2898297813919548
CUST0819,Approval,Medium,83,93813,37,444,1,1,0,0,2024,4,22,0,0,0.03513155046592876
CUST0820,Follow-Up,Medium,36,93191,56,725,1,0,0,0,2023,12,26,0,1,-1.2195666804600973
CUST0821,Inquiry,Medium,55,109195,50,472,1,1,1,1,2024,6,7,0,0,1.2898297813919548
CUST0822,Follow-Up,Low,49,30864,61,678,1,0,1,0,2023,11,18,1,1,0.03513155046592876
CUST0823,Inquiry,Low,45,95776,37,468,0,1,0,0,2024,7,14,0,0,-1.2195666804600973
CUST0824,Inquiry,Low,59,48214,60,749,0,1,1,0,2024,4,5,2,1,0.03513155046592876
CUST0825,Approval,High,33,87658,64,549,0,0,1,0,2023,12,11,0,1,-1.2195666804600973
CUST0826,Approval,Medium,28,51706,58,341,1,1,1,1,2024,9,25,2,1,1.2898297813919548
CUST0827,Inquiry,Low,60,60145,40,436,1,0,1,0,2023,11,16,2,0,0.03513155046592876
CUST0828,Approval,Medium,39,40104,40,402,0,1,0,0,2024,9,23,2,0,-1.2195666804600973
CUST0829,Approval,Low,87,97441,29,685,0,1,0,1,2024,11,10,0,2,-1.2195666804600973
CUST0830,Inquiry,High,67,114341,42,461,1,1,1,0,2024,7,24,0,0,1.2898297813919548
CUST0831,Follow-Up,High,80,66806,52,316,1,1,0,0,2024,3,11,2,1,0.03513155046592876
CUST0832,Follow-Up,Low,51,57723,45,798,1,1,1,0,2024,10,2,2,0,1.2898297813919548
CUST0833,Approval,High,75,49692,61,382,0,1,1,0,2024,9,4,2,1,0.03513155046592876
CUST0834,Approval,Medium,14,54498,30,306,1,0,1,0,2024,1,12,2,2,0.03513155046592876
CUST0835,Inquiry,Medium,1,50625,32,307,1,0,1,0,2024,7,18,2,0,0.03513155046592876
CUST0836,Inquiry,High,66,77477,51,483,1,1,1,0,2024,2,19,2,1,1.2898297813919548
CUST0837,Inquiry,Medium,85,108908,52,391,1,0,1,1,2023,11,28,0,1,0.03513155046592876
CUST0838,Inquiry,Low,48,45509,48,590,1,1,1,0,2024,3,28,2,0,1.2898297813919548
CUST0839,Follow-Up,Low,72,116652,47,726,1,1,1,0,2024,11,6,0,0,1.2898297813919548
CUST0840,Inquiry,Low,83,60191,37,787,0,1,1,0,2024,11,6,2,0,0.03513155046592876
CUST0841,Inquiry,Medium,77,84344,45,429,1,1,1,0,2023,11,20,0,0,1.2898297813919548
CUST0842,Approval,Low,78,73283,47,511,1,0,1,0,2024,5,19,2,0,0.03513155046592876
CUST0843,Inquiry,High,37,44855,63,446,1,0,1,0,2024,9,10,2,1,0.03513155046592876
CUST0844,Approval,Low,39,93113,26,577,1,1,1,1,2024,4,8,0,2,1.2898297813919548
CUST0845,Inquiry,Medium,88,118503,44,835,0,1,0,0,2023,11,21,0,0,-1.2195666804600973
CUST0846,Inquiry,Medium,14,92759,35,761,0,0,1,0,2024,9,4,0,0,-1.2195666804600973
CUST0847,Approval,Low,62,92786,47,721,0,1,0,0,2024,3,11,0,0,-1.2195666804600973
CUST0848,Follow-Up,High,9,57617,64,544,1,0,0,1,2024,10,5,2,1,-1.2195666804600973
CUST0849,Follow-Up,High,44,107436,53,478,1,1,1,0,2024,7,16,0,1,1.2898297813919548
CUST0850,Approval,High,36,51134,64,338,0,1,1,0,2024,4,28,2,1,0.03513155046592876
CUST0851,Approval,Medium,82,114837,34,484,0,1,0,0,2024,9,26,0,0,-1.2195666804600973
CUST0852,Follow-Up,High,42,83857,53,811,1,0,0,1,2024,9,19,0,1,-1.2195666804600973
CUST0853,Approval,Medium,36,32942,27,390,1,0,1,0,2024,9,19,1,2,0.03513155046592876
CUST0854,Approval,Low,34,61938,39,608,0,1,1,1,2024,6,3,2,0,0.03513155046592876
CUST0855,Approval,Low,84,35655,37,656,1,1,0,0,2024,5,6,1,0,0.03513155046592876
CUST0856,Approval,Medium,92,46762,48,728,0,0,1,0,2024,6,10,2,0,-1.2195666804600973
CUST0857,Approval,Medium,84,105168,34,304,1,1,1,0,2024,9,1,0,0,1.2898297813919548
CUST0858,Follow-Up,Low,39,107640,30,541,1,1,0,0,2024,4,29,0,2,0.03513155046592876
CUST0859,Approval,Low,25,51119,32,496,1,0,0,0,2024,9,3,2,0,-1.2195666804600973
CUST0860,Follow-Up,Medium,20,47658,28,420,1,1,1,0,2023,12,18,2,2,1.2898297813919548
CUST0861,Inquiry,Low,67,112515,40,842,0,0,1,1,2023,11,30,0,0,-1.2195666804600973
CUST0862,Follow-Up,Low,98,97193,64,397,1,1,1,0,2024,8,29,0,1,1.2898297813919548
CUST0863,Inquiry,High,31,35136,34,670,1,1,1,0,2024,10,6,1,0,1.2898297813919548
CUST0864,Follow-Up,High,8,105008,43,819,1,1,0,0,2024,2,13,0,0,0.03513155046592876
CUST0865,Follow-Up,Low,77,49249,25,524,0,0,1,0,2024,1,27,2,2,-1.2195666804600973
CUST0866,Approval,Low,52,37328,46,775,0,0,1,0,2024,11,6,1,0,-1.2195666804600973
CUST0867,Follow-Up,High,85,51802,32,513,1,1,1,0,2024,1,3,2,0,1.2898297813919548
CUST0868,Follow-Up,Low,41,63850,44,583,1,1,1,0,2023,12,14,2,0,1.2898297813919548
CUST0869,Approval,Medium,88,53597,53,354,1,1,1,1,2024,8,18,2,1,1.2898297813919548
CUST0870,Inquiry,Low,18,97717,55,498,1,1,1,1,2024,3,30,0,1,1.2898297813919548
CUST0871,Follow-Up,Low,93,83143,26,415,1,0,0,0,2024,5,15,0,2,-1.2195666804600973
CUST0872,Approval,Medium,4,108558,46,452,1,0,1,0,2024,7,24,0,0,0.03513155046592876
CUST0873,Inquiry,High,84,103872,38,785,1,0,0,0,2023,12,25,0,0,-1.2195666804600973
CUST0874,Follow-Up,Low,64,113574,59,809,1,0,1,0,2024,8,25,0,1,0.03513155046592876
CUST0875,Follow-Up,High,38,32440,38,480,1,0,1,0,2024,4,14,1,0,0.03513155046592876
CUST0876,Follow-Up,High,34,116736,38,463,1,0,0,0,2023,12,31,0,0,-1.2195666804600973
CUST0877,Inquiry,Low,54,67152,59,344,1,1,1,1,2023,11,25,2,1,1.2898297813919548
CUST0878,Inquiry,Low,52,41239,58,355,1,0,1,0,2024,3,29,2,1,0.03513155046592876
CUST0879,Follow-Up,High,50,58389,41,672,1,1,0,0,2024,7,22,2,0,0.03513155046592876
CUST0880,Follow-Up,Low,95,88877,60,591,1,1,1,0,2024,9,27,0,1,1.2898297813919548
CUST0881,Inquiry,Low,5,109498,55,514,1,0,0,0,2024,9,20,0,1,-1.2195666804600973
CUST0882,Approval,High,75,91789,64,745,1,0,0,0,2024,8,31,0,1,-1.2195666804600973
CUST0883,Inquiry,High,91,93133,34,557,1,1,0,0,2024,9,8,0,0,0.03513155046592876
CUST0884,Approval,Medium,74,52356,26,642,0,1,0,0,2024,1,14,2,2,-1.2195666804600973
CUST0885,Approval,Low,25,58752,49,764,1,1,1,1,2024,4,28,2,0,1.2898297813919548
CUST0886,Approval,Medium,44,83840,62,344,0,1,0,0,2024,5,15,0,1,-1.2195666804600973
CUST0887,Follow-Up,High,93,108753,58,406,1,0,0,0,2024,4,5,0,1,-1.2195666804600973
CUST0888,Follow-Up,Low,92,48705,27,353,1,1,1,0,2024,6,2,2,2,1.2898297813919548
CUST0889,Approval,High,29,106368,41,850,1,0,0,0,2024,8,31,0,0,-1.2195666804600973
CUST0890,Approval,Low,88,53839,35,480,0,1,1,0,2024,7,7,2,0,0.03513155046592876
CUST0891,Approval,Low,69,111685,28,461,0,0,1,1,2024,6,22,0,2,-1.2195666804600973
CUST0892,Inquiry,Medium,82,116461,43,329,1,1,1,1,2023,12,16,0,0,1.2898297813919548
CUST0893,Follow-Up,High,61,96952,37,796,0,0,1,1,2024,9,28,0,0,-1.2195666804600973
CUST0894,Approval,Low,86,64671,64,827,0,1,1,0,2024,7,6,2,1,0.03513155046592876
CUST0895,Approval,Medium,46,51983,42,418,1,1,1,0,2024,2,1,2,0,1.2898297813919548
CUST0896,Inquiry,High,65,119861,28,372,0,0,1,0,2024,1,8,0,2,-1.2195666804600973
CUST0897,Follow-Up,Medium,39,74914,54,540,1,1,1,0,2024,1,8,2,1,1.2898297813919548
CUST0898,Approval,High,22,89437,25,755,1,1,0,1,2024,1,4,0,2,0.03513155046592876
CUST0899,Follow-Up,Low,85,108188,29,633,1,0,1,0,2024,6,18,0,2,0.03513155046592876
CUST0900,Approval,Medium,72,107410,49,729,1,1,1,0,2023,11,23,0,0,1.2898297813919548
CUST0901,Inquiry,Medium,24,39023,42,503,0,0,1,0,2024,10,28,1,0,-1.2195666804600973
CUST0902,Inquiry,Low,38,60122,48,633,0,1,0,0,2023,12,9,2,0,-1.2195666804600973
CUST0903,Follow-Up,High,13,79572,31,535,0,0,1,0,2024,6,9,2,0,-1.2195666804600973
CUST0904,Inquiry,Low,61,80523,26,412,1,0,1,0,2024,7,28,0,2,0.03513155046592876
CUST0905,Follow-Up,Medium,17,47329,43,633,1,0,0,0,2024,2,19,2,0,-1.2195666804600973
CUST0906,Approval,Low,95,44230,49,533,0,1,1,1,2024,1,5,2,0,0.03513155046592876
CUST0907,Inquiry,Medium,34,32170,39,400,1,0,0,1,2024,2,24,1,0,-1.2195666804600973
CUST0908,Approval,Low,93,56522,49,542,1,0,1,0,2024,8,6,2,0,0.03513155046592876
CUST0909,Approval,High,72,98512,57,722,0,0,1,0,2024,4,24,0,1,-1.2195666804600973
CUST0910,Inquiry,Medium,98,96107,31,504,1,1,1,0,2024,6,12,0,0,1.2898297813919548
CUST0911,Inquiry,Medium,24,119701,45,684,1,1,0,0,2023,12,16,0,0,0.03513155046592876
CUST0912,Inquiry,High,88,85023,56,525,1,1,1,0,2024,10,14,0,1,1.2898297813919548
CUST0913,Approval,Low,43,49603,63,375,0,0,1,0,2024,7,11,2,1,-1.2195666804600973
CUST0914,Follow-Up,High,84,109365,59,782,1,1,0,0,2024,3,2,0,1,0.03513155046592876
CUST0915,Follow-Up,Low,12,42622,30,796,0,0,1,0,2024,4,27,2,2,-1.2195666804600973
CUST0916,Approval,High,29,53255,36,355,0,0,1,0,2024,9,14,2,0,-1.2195666804600973
CUST0917,Approval,High,46,92373,37,746,0,0,1,0,2024,7,10,0,0,-1.2195666804600973
CUST0918,Approval,Medium,29,110576,57,448,1,1,1,1,2024,2,29,0,1,1.2898297813919548
CUST0919,Inquiry,Medium,96,108618,54,521,1,1,1,1,2023,12,20,0,1,1.2898297813919548
CUST0920,Follow-Up,Low,40,35116,60,765,1,1,1,0,2024,1,11,1,1,1.2898297813919548
CUST0921,Follow-Up,High,54,99655,26,482,1,0,0,1,2024,10,5,0,2,-1.2195666804600973
CUST0922,Follow-Up,Low,43,95972,27,696,0,0,1,0,2024,2,14,0,2,-1.2195666804600973
CUST0923,Follow-Up,High,48,45403,40,682,1,0,0,1,2024,11,4,2,0,-1.2195666804600973
CUST0924,Follow-Up,High,34,42214,58,439,1,0,0,1,2024,5,10,2,1,-1.2195666804600973
CUST0925,Follow-Up,Medium,75,93208,44,768,0,0,1,0,2024,6,1,0,0,-1.2195666804600973
CUST0926,Approval,High,38,116427,46,498,1,1,1,0,2024,9,4,0,0,1.2898297813919548
CUST0927,Approval,Medium,60,47082,56,667,0,1,1,0,2024,4,26,2,1,0.03513155046592876
CUST0928,Inquiry,Medium,16,109098,50,576,1,0,1,0,2024,1,24,0,0,0.03513155046592876
CUST0929,Approval,High,61,100685,35,507,0,1,0,0,2024,4,9,0,0,-1.2195666804600973
CUST0930,Approval,High,7,30157,26,643,0,0,1,0,2024,5,7,1,2,-1.2195666804600973
CUST0931,Follow-Up,Low,82,118940,47,430,0,1,0,0,2024,2,5,0,0,-1.2195666804600973
CUST0932,Inquiry,Low,75,115096,47,332,0,1,1,1,2023,11,27,0,0,0.03513155046592876
CUST0933,Follow-Up,Low,75,86557,47,361,1,1,1,1,2024,8,14,0,0,1.2898297813919548
CUST0934,Inquiry,Medium,80,98425,65,587,0,1,0,0,2024,3,14,0,1,-1.2195666804600973
CUST0935,Approval,Medium,10,85139,44,439,1,1,0,0,2024,10,4,0,0,0.03513155046592876
CUST0936,Approval,Medium,61,78546,40,413,0,1,1,0,2024,11,2,2,0,0.03513155046592876
CUST0937,Follow-Up,Medium,25,35693,57,776,1,1,1,0,2024,1,15,1,1,1.2898297813919548
CUST0938,Follow-Up,Medium,65,99444,42,769,1,1,0,1,2024,10,7,0,0,0.03513155046592876
CUST0939,Follow-Up,Medium,16,86224,28,728,1,1,0,0,2024,11,3,0,2,0.03513155046592876
CUST0940,Approval,High,88,60079,65,475,1,1,1,0,2024,6,29,2,1,1.2898297813919548
CUST0941,Approval,Low,49,93192,41,651,0,1,1,0,2024,7,23,0,0,0.03513155046592876
CUST0942,Approval,Low,68,79969,49,525,0,1,1,0,2024,10,21,2,0,0.03513155046592876
CUST0943,Inquiry,Low,39,75943,26,602,0,1,1,0,2024,10,11,2,2,0.03513155046592876
CUST0944,Follow-Up,High,53,107207,60,460,0,1,0,1,2024,4,21,0,1,-1.2195666804600973
CUST0945,Inquiry,Low,7,105513,42,474,0,0,1,0,2024,2,25,0,0,-1.2195666804600973
CUST0946,Approval,Medium,20,42807,39,535,1,0,1,0,2024,6,17,2,0,0.03513155046592876
CUST0947,Approval,High,18,85769,34,388,1,0,0,0,2023,12,25,0,0,-1.2195666804600973
CUST0948,Inquiry,High,26,47548,46,721,0,0,1,1,2023,11,12,2,0,-1.2195666804600973
CUST0949,Follow-Up,Low,44,63360,50,834,1,1,1,1,2024,2,28,2,0,1.2898297813919548
CUST0950,Follow-Up,Medium,53,92539,33,800,0,1,1,0,2024,4,12,0,0,0.03513155046592876
CUST0951,Approval,Low,73,60475,30,521,1,1,1,0,2024,4,8,2,2,1.2898297813919548
CUST0952,Approval,High,59,40986,49,784,1,0,1,0,2023,11,17,2,0,0.03513155046592876
CUST0953,Approval,Low,19,67128,58,773,1,0,1,0,2024,4,19,2,1,0.03513155046592876
CUST0954,Follow-Up,High,41,108419,64,585,1,0,1,1,2024,9,29,0,1,0.03513155046592876
CUST0955,Inquiry,High,92,101267,65,314,0,1,0,0,2023,12,19,0,1,-1.2195666804600973
CUST0956,Approval,High,24,83562,39,738,0,1,1,0,2024,2,10,0,0,0.03513155046592876
CUST0957,Approval,Medium,100,63791,51,552,1,1,1,0,2024,2,9,2,1,1.2898297813919548
CUST0958,Inquiry,Medium,11,54775,40,553,1,1,1,0,2023,12,31,2,0,1.2898297813919548
CUST0959,Follow-Up,Low,63,30716,61,635,1,1,1,0,2024,8,24,1,1,1.2898297813919548
CUST0960,Approval,Low,43,30932,34,744,0,1,0,1,2024,6,21,1,0,-1.2195666804600973
CUST0961,Follow-Up,Low,81,105757,52,527,1,1,1,0,2024,9,29,0,1,1.2898297813919548
CUST0962,Approval,Medium,23,98490,44,452,0,1,1,0,2024,6,5,0,0,0.03513155046592876
CUST0963,Follow-Up,Low,41,45444,63,305,1,1,1,0,2024,10,1,2,1,1.2898297813919548
CUST0964,Inquiry,Medium,82,98126,46,727,1,1,1,0,2024,2,23,0,0,1.2898297813919548
CUST0965,Approval,High,8,30942,53,345,1,0,0,0,2024,7,29,1,1,-1.2195666804600973
CUST0966,Approval,High,1,79155,59,341,1,1,1,0,2024,8,23,2,1,1.2898297813919548
CUST0967,Approval,Medium,58,115792,33,781,1,1,1,1,2024,2,10,0,0,1.2898297813919548
CUST0968,Approval,Medium,36,56924,38,816,1,1,0,0,2024,5,27,2,0,0.03513155046592876
CUST0969,Approval,High,27,71405,33,334,0,1,1,0,2024,4,24,2,0,0.03513155046592876
CUST0970,Inquiry,Medium,98,83588,62,735,1,1,1,0,2024,1,15,0,1,1.2898297813919548
CUST0971,Approval,High,100,77483,59,843,1,1,1,0,2023,12,22,2,1,1.2898297813919548
CUST0972,Approval,Low,22,43970,37,703,1,1,1,1,2023,12,14,2,0,1.2898297813919548
CUST0973,Follow-Up,High,74,50287,33,790,1,0,1,1,2023,11,28,2,0,0.03513155046592876
CUST0974,Approval,High,98,85846,44,400,1,1,1,0,2023,12,17,0,0,1.2898297813919548
CUST0975,Follow-Up,Low,21,115403,58,763,0,1,0,0,2024,10,8,0,1,-1.2195666804600973
CUST0976,Inquiry,Medium,63,106725,33,807,1,0,0,0,2024,6,5,0,0,-1.2195666804600973
CUST0977,Follow-Up,Low,98,63244,52,546,0,0,1,0,2023,11,19,2,1,-1.2195666804600973
CUST0978,Follow-Up,High,100,64249,34,385,0,1,1,0,2024,4,1,2,0,0.03513155046592876
CUST0979,Inquiry,High,12,100268,61,312,1,1,1,0,2024,7,11,0,1,1.2898297813919548
CUST0980,Inquiry,High,17,85517,35,716,0,1,0,0,2024,10,12,0,0,-1.2195666804600973
CUST0981,Follow-Up,High,79,104012,45,523,0,0,1,0,2024,7,8,0,0,-1.2195666804600973
CUST0982,Follow-Up,High,56,77925,29,435,1,0,0,1,2024,9,27,2,2,-1.2195666804600973
CUST0983,Inquiry,Low,82,110200,60,667,1,0,1,0,2024,4,2,0,1,0.03513155046592876
CUST0984,Inquiry,High,55,66118,59,602,1,0,1,0,2024,9,12,2,1,0.03513155046592876
CUST0985,Inquiry,Medium,52,119208,32,544,1,0,0,1,2024,3,23,0,0,-1.2195666804600973
CUST0986,Inquiry,Low,55,82095,36,392,0,0,1,0,2024,1,2,0,0,-1.2195666804600973
CUST0987,Inquiry,Low,62,56698,45,316,1,0,0,0,2024,1,4,2,0,-1.2195666804600973
CUST0988,Follow-Up,Low,50,84162,34,791,0,1,1,0,2024,10,13,0,0,0.03513155046592876
CUST0989,Inquiry,High,1,102365,26,612,1,1,1,0,2024,6,5,0,2,1.2898297813919548
CUST0990,Approval,High,5,103080,45,465,0,1,0,1,2023,12,5,0,0,-1.2195666804600973
CUST0991,Approval,Low,69,93238,51,770,0,1,0,1,2023,12,10,0,1,-1.2195666804600973
CUST0992,Approval,High,26,53425,51,324,0,1,0,0,2024,8,13,2,1,-1.2195666804600973
CUST0993,Approval,Medium,94,78524,44,765,0,1,0,0,2024,9,10,2,0,-1.2195666804600973
CUST0994,Inquiry,Medium,48,103281,53,774,0,0,1,0,2024,11,4,0,1,-1.2195666804600973
CUST0995,Approval,High,2,102733,65,441,0,1,0,0,2023,11,14,0,1,-1.2195666804600973
CUST0996,Follow-Up,Low,42,93407,42,715,1,0,1,0,2024,9,1,0,0,0.03513155046592876
CUST0997,Approval,High,97,63263,34,489,1,0,0,1,2023,11,17,2,0,-1.2195666804600973
CUST0998,Inquiry,High,68,70193,37,679,1,0,1,0,2024,11,5,2,0,0.03513155046592876
CUST0999,Approval,High,25,105713,31,775,1,0,0,1,2024,8,19,0,0,-1.2195666804600973
CUST1000,Follow-Up,Low,3,75135,33,301,1,1,1,0,2024,3,1,2,0,1.2898297813919548
